1G-TSL4N,TAATACGACTCACTATAGTCTCTCTTGTTAGACCAGGTCGAGCCCGGGAGCTCTCTGGCTAGCAAGGAACCCACTGCTTAAGCCTCAATAAAGCTTGCCTTGAGTGCCTCAAGCAGTGTGTGCCCATCTGTTGTGTGACTCTGGTAACTAGAGATCCCTCAGACCACTCTAGACGGTGTAAAAATCTCTAGCAGTGGCGCCCGAACAGGGACTTTAAAGTGAAAGTAACAGGGACTCGAAAGCGGAAGTTCCAGAGAAGTTCTCTCGACGCAGGACTCGGCTTGCTGAGGTGCACACAGCAAGAGGCGAGAGCGGCGACTGGTGAGTACGCCAATTTTTGACTAGCGGAGGCTAGAAGGAGAGAGATGGGTGCGAGAGCGTCAGTA
2G-TSL4N,TAATACGACTCACTATAGGTCTCTCTTGTTAGACCAGGTCGAGCCCGGGAGCTCTCTGGCTAGCAAGGAACCCACTGCTTAAGCCTCAATAAAGCTTGCCTTGAGTGCCTCAAGCAGTGTGTGCCCATCTGTTGTGTGACTCTGGTAACTAGAGATCCCTCAGACCACTCTAGACGGTGTAAAAATCTCTAGCAGTGGCGCCCGAACAGGGACTTTAAAGTGAAAGTAACAGGGACTCGAAAGCGGAAGTTCCAGAGAAGTTCTCTCGACGCAGGACTCGGCTTGCTGAGGTGCACACAGCAAGAGGCGAGAGCGGCGACTGGTGAGTACGCCAATTTTTGACTAGCGGAGGCTAGAAGGAGAGAGATGGGTGCGAGAGCGTCAGTA
3G-TSL4N,TAATACGACTCACTATAGGGTCTCTCTTGTTAGACCAGGTCGAGCCCGGGAGCTCTCTGGCTAGCAAGGAACCCACTGCTTAAGCCTCAATAAAGCTTGCCTTGAGTGCCTCAAGCAGTGTGTGCCCATCTGTTGTGTGACTCTGGTAACTAGAGATCCCTCAGACCACTCTAGACGGTGTAAAAATCTCTAGCAGTGGCGCCCGAACAGGGACTTTAAAGTGAAAGTAACAGGGACTCGAAAGCGGAAGTTCCAGAGAAGTTCTCTCGACGCAGGACTCGGCTTGCTGAGGTGCACACAGCAAGAGGCGAGAGCGGCGACTGGTGAGTACGCCAATTTTTGACTAGCGGAGGCTAGAAGGAGAGAGATGGGTGCGAGAGCGTCAGTA
4G-TSL4N,TAATACGACTCACTATAGGGGTCTCTCTTGTTAGACCAGGTCGAGCCCGGGAGCTCTCTGGCTAGCAAGGAACCCACTGCTTAAGCCTCAATAAAGCTTGCCTTGAGTGCCTCAAGCAGTGTGTGCCCATCTGTTGTGTGACTCTGGTAACTAGAGATCCCTCAGACCACTCTAGACGGTGTAAAAATCTCTAGCAGTGGCGCCCGAACAGGGACTTTAAAGTGAAAGTAACAGGGACTCGAAAGCGGAAGTTCCAGAGAAGTTCTCTCGACGCAGGACTCGGCTTGCTGAGGTGCACACAGCAAGAGGCGAGAGCGGCGACTGGTGAGTACGCCAATTTTTGACTAGCGGAGGCTAGAAGGAGAGAGATGGGTGCGAGAGCGTCAGTA
2G-LD_371,TAATACGACTCACTATAGGTCTCTCTTGTTAGACCAGGTCGAGCCCGGGAGCTCTCTGGCTAGCAAGGAACCCACTGCTTAAGCCTCAATAAAGCTTGCCTTGAGTGCCTCAAGCAGTGTGTGCCCATCTGTTGTGTGACTCTGGTAACTAGAGATCCCTCAGACCACTCTAGACGGTGTAAAAATCTCTAGCAGTGGCGCCCGAACAGGGACTTTAAAGTGAAAGTAACAGGGACTCGAAAGCGGAAGTTCCAGAGAAGTTCTCTCGACGCAGGACTCGGCTTGCTGGAGACAGCAAGAGGCGAGAGCGGCGACTGGTGAGTACGCCAATTTTTGACTAGCGGAGGCTAGAAGGAGAGAGATGGGTGCGAGAGCGTCAGTA
MAL-TSL4-LD_359,TAATACGACTCACTATAGGTCTCTCTTGTTAGACCAGGTCGAGCCCGGGAGCTCTCTGGCTAGCAAGGAACCCACTGCTTAAGCCTCAATAAAGCTTGCCTTGAGTGCCTCAAGCAGTGTGTGCCCATCTGTTGTGTGACTCTGGTAACTAGAGATCCCTCAGACCACTCTAGACGGTGTAAAAATCTCTAGCAGTGGCGCCCGAACAGGGACTTTAAAGTGAAAGTAACAGGGACTCGAAAGCGGAAGTTCCAGAGAAGTTCTCTCGACGCAGGACTCGGCTTGCTGGAGACAGCAAGAGGCGAGAGCGGCGACTGGTGAGTACGCCAATTTTTGACTAGCGGAGGCTAGAAGGAGAGAGATGGGTGCG
2G-LM3,TAATACGACTCACTATAGGTCTCTCTTGTTAGACCAGGTCGAGCCCGGGAGCTCTCTGGCTAGCAAGGAACCCACTGCTTAAGCCTCAATAAAGCTTGCCTTGAGTGCCTCTTGCAGTGTGTGCCCATCTGTTGTGTGACTCTGGTAACTAGAGATCCCTCAGACCACTCTAGACGGTGTAAAAATCTCTAGCAGTGGCGCCCGAACAGGGACTTTAAAGTGAAAGTAACAGGGACTCGAAAGCGGAAGTTCCAGAGAAGTTCTCTCGACGCAGGACTCGGCTTGCTGAGGTGCACACAGCAAGAGGCGAGAGCGGCGACTGGTGAGTACGCCAATTTTTGACTAGCGGAGGCTAGAAGGAGAGAGATGGGTGCGAGAGCGTCAGTA
4G-LM3,TAATACGACTCACTATAGGGGTCTCTCTTGTTAGACCAGGTCGAGCCCGGGAGCTCTCTGGCTAGCAAGGAACCCACTGCTTAAGCCTCAATAAAGCTTGCCTTGAGTGCCTCTTGCAGTGTGTGCCCATCTGTTGTGTGACTCTGGTAACTAGAGATCCCTCAGACCACTCTAGACGGTGTAAAAATCTCTAGCAGTGGCGCCCGAACAGGGACTTTAAAGTGAAAGTAACAGGGACTCGAAAGCGGAAGTTCCAGAGAAGTTCTCTCGACGCAGGACTCGGCTTGCTGAGGTGCACACAGCAAGAGGCGAGAGCGGCGACTGGTGAGTACGCCAATTTTTGACTAGCGGAGGCTAGAAGGAGAGAGATGGGTGCGAGAGCGTCAGTA
2G-LM7,TAATACGACTCACTATAGGTCTCTCTTGTTAGACCAGGTCGAGCCCGGGAGCTCTCTGGCTAGCAAGGAACCCACTGCTTAAGCCTCAATAAAGCTTGCCTTGAGTGCCTCTTACTGTGTGTGCCCATCTGTTGTGTGACTCTGGTAACTAGAGATCCCTCAGACCACTCTAGACGGTGTAAAAATCTCTAGCAGTGGCGCCCGAACAGGGACTTTAAAGTGAAAGTAACAGGGACTCGAAAGCGGAAGTTCCAGAGAAGTTCTCTCGACGCAGGACTCGGCTTGCTGAGGTGCACACAGTAAGAGGCGAGAGCGGCGACTGGTGAGTACGCCAATTTTTGACTAGCGGAGGCTAGAAGGAGAGAGATGGGTGCGAGAGCGTCAGTA
4G-LM7,TAATACGACTCACTATAGGGGTCTCTCTTGTTAGACCAGGTCGAGCCCGGGAGCTCTCTGGCTAGCAAGGAACCCACTGCTTAAGCCTCAATAAAGCTTGCCTTGAGTGCCTCTTACTGTGTGTGCCCATCTGTTGTGTGACTCTGGTAACTAGAGATCCCTCAGACCACTCTAGACGGTGTAAAAATCTCTAGCAGTGGCGCCCGAACAGGGACTTTAAAGTGAAAGTAACAGGGACTCGAAAGCGGAAGTTCCAGAGAAGTTCTCTCGACGCAGGACTCGGCTTGCTGAGGTGCACACAGTAAGAGGCGAGAGCGGCGACTGGTGAGTACGCCAATTTTTGACTAGCGGAGGCTAGAAGGAGAGAGATGGGTGCGAGAGCGTCAGTA
NL43-2G-LD,TAATACGACTCACTATAGGTCTCTCTGGTTAGACCAGATCTGAGCCTGGGAGCTCTCTGGCTAACTAGGGAACCCACTGCTTAAGCCTCAATAAAGCTTGCCTTGAGTGCTCAAAGTAGTGTGTGCCCGTCTGTTGTGTGACTCTGGTAACTAGAGATCCCTCAGACCCTTTTAGTCAGTGTGGAAAATCTCTAGCAGTGGCGCCCGAACAGGGACTTGAAAGCGAAAGTAAAGCCAGAGGAGATCTCTCGACGCAGGACTCGGCTTGCTGGAGACGGCAAGAGGCGAGGGGCGGCGACTGGTGAGTACGCCAAAAATTTTGACTAGCGGAGGCTAGAAGGAGAGAGATGGGTGCG
NL43-2G-LND-PolyA,TAATACGACTCACTATAGGTCTCTCTGGTTAGACCAGATCTGAGCCTGGGAGCTCTCTGGCTAACTAGGGAACCCACTGCTTAAGCCTCAATAAAGCTTGCCTTGAGGCTTAAGTAGTGTGTGCCCGTCTGTTGTGTGACTCTGGTAACTAGAGATCCCTCAGACCCTTTTAGTCAGTGTGGAAAATCTCTAGCAGTGGCGCCCGAACAGGGACTTGAAAGCGAAAGTAAAGCCAGAGGAGATCTCTCGACGCAGGACTCGGCTTGCTGAAGCGCGCACGGCAAGAGGCGAGGGGCGGCGACTGGTGAGTACGCCAAAAATTTTGACTAGCGGAGGCTAGAAGGAGAGAGATGGGTGCGAGAGCGTCGGTA
NL43-4G-LND-PolyA,TAATACGACTCACTATAGGGGTCTCTCTGGTTAGACCAGATCTGAGCCTGGGAGCTCTCTGGCTAACTAGGGAACCCACTGCTTAAGCCTCAATAAAGCTTGCCTTGAGGCTTAAGTAGTGTGTGCCCGTCTGTTGTGTGACTCTGGTAACTAGAGATCCCTCAGACCCTTTTAGTCAGTGTGGAAAATCTCTAGCAGTGGCGCCCGAACAGGGACTTGAAAGCGAAAGTAAAGCCAGAGGAGATCTCTCGACGCAGGACTCGGCTTGCTGAAGCGCGCACGGCAAGAGGCGAGGGGCGGCGACTGGTGAGTACGCCAAAAATTTTGACTAGCGGAGGCTAGAAGGAGAGAGATGGGTGCGAGAGCGTCGGTA
NL43-2G-LND-AUG,TAATACGACTCACTATAGGTCTCTCTGGTTAGACCAGATCTGAGCCTGGGAGCTCTCTGGCTAACTAGGGAACCCACTGCTTAAGCCTCAATAAAGCTTGCCTTGAGTGCTCAAAGTAGTGTGTGCCCGTCTGTTGTGTGACTCTGGTAACTAGAGATCCCTCAGACCCTTTTAGTCAGTGTGGAAAATCTCTAGCAGTGGCGCCCGAACAGGGACTTGAAAGCGAAAGTAAAGCCAGAGGAGATCTCTCGACGCAGGACTCGGCTTGCTGAAGCGCGCACGGCAAGAGGCGAGGGGCGGCGACTGGTGAGTACGCCAAAAATTTTGACTAGCGGAGGCTAGAAGGAGAGAGACGGGCACAAGAAAAAAGGTA
NL43-4G-LND-AUG,TAATACGACTCACTATAGGGGTCTCTCTGGTTAGACCAGATCTGAGCCTGGGAGCTCTCTGGCTAACTAGGGAACCCACTGCTTAAGCCTCAATAAAGCTTGCCTTGAGTGCTCAAAGTAGTGTGTGCCCGTCTGTTGTGTGACTCTGGTAACTAGAGATCCCTCAGACCCTTTTAGTCAGTGTGGAAAATCTCTAGCAGTGGCGCCCGAACAGGGACTTGAAAGCGAAAGTAAAGCCAGAGGAGATCTCTCGACGCAGGACTCGGCTTGCTGAAGCGCGCACGGCAAGAGGCGAGGGGCGGCGACTGGTGAGTACGCCAAAAATTTTGACTAGCGGAGGCTAGAAGGAGAGAGACGGGCACAAGAAAAAAGGTA
NL43-2G-LM-U5:DIS,TAATACGACTCACTATAGGTCTCTCTGGTTAGACCAGATCTGAGCCTGGGAGCTCTCTGGCTAACTAGGGAACCCACTGCTTAAGCCTCAATAAAGCTTGCCTTGAGTGCTCTTAGTCGTGTGTGCCCGTCTGTTGTGTGACTCTGGTAACTAGAGATCCCTCAGACCCTTTTAGTCAGTGTGGAAAATCTCTAGCAGTGGCGCCCGAACAGGGACTTGAAAGCGAAAGTAAAGCCAGAGGAGATCTCTCGACGCAGGACTCGGCTTGCTGAAGCGCGCACGGCTAAGGGCGAGGGGCGGCGACTGGTGAGTACGCCAAAAATTTTGACTAGCGGAGGCTAGAAGGAGAGAGATGGGTGCGAGAGCGTCGGTA
NL43-4G-LM-U5:DIS,TAATACGACTCACTATAGGGGTCTCTCTGGTTAGACCAGATCTGAGCCTGGGAGCTCTCTGGCTAACTAGGGAACCCACTGCTTAAGCCTCAATAAAGCTTGCCTTGAGTGCTCTTAGTCGTGTGTGCCCGTCTGTTGTGTGACTCTGGTAACTAGAGATCCCTCAGACCCTTTTAGTCAGTGTGGAAAATCTCTAGCAGTGGCGCCCGAACAGGGACTTGAAAGCGAAAGTAAAGCCAGAGGAGATCTCTCGACGCAGGACTCGGCTTGCTGAAGCGCGCACGGCTAAGGGCGAGGGGCGGCGACTGGTGAGTACGCCAAAAATTTTGACTAGCGGAGGCTAGAAGGAGAGAGATGGGTGCGAGAGCGTCGGTA
NL43-2G-LM-U103C,TAATACGACTCACTATAGGTCTCTCTGGTTAGACCAGATCTGAGCCTGGGAGCTCTCTGGCTAACTAGGGAACCCACTGCTTAAGCCTCAATAAAGCTTGCCTTGAGTGCTCAAAGTAGCGTGTGCCCGTCTGTTGTGTGACTCTGGTAACTAGAGATCCCTCAGACCCTTTTAGTCAGTGTGGAAAATCTCTAGCAGTGGCGCCCGAACAGGGACTTGAAAGCGAAAGTAAAGCCAGAGGAGATCTCTCGACGCAGGACTCGGCTTGCTGAAGCGCGCACGGCAAGAGGCGAGGGGCGGCGACTGGTGAGTACGCCAAAAATTTTGACTAGCGGAGGCTAGAAGGAGAGAGATGGGTGCGAGAGCGTCGGTA
NL43-4G-LM-U103C,TAATACGACTCACTATAGGGGTCTCTCTGGTTAGACCAGATCTGAGCCTGGGAGCTCTCTGGCTAACTAGGGAACCCACTGCTTAAGCCTCAATAAAGCTTGCCTTGAGTGCTCAAAGTAGCGTGTGCCCGTCTGTTGTGTGACTCTGGTAACTAGAGATCCCTCAGACCCTTTTAGTCAGTGTGGAAAATCTCTAGCAGTGGCGCCCGAACAGGGACTTGAAAGCGAAAGTAAAGCCAGAGGAGATCTCTCGACGCAGGACTCGGCTTGCTGAAGCGCGCACGGCAAGAGGCGAGGGGCGGCGACTGGTGAGTACGCCAAAAATTTTGACTAGCGGAGGCTAGAAGGAGAGAGATGGGTGCGAGAGCGTCGGTA
MAL Ext U5-DIS LM7 HP,TAATACGACTCACTATAGGCCTCTTACTGTGTGTGCCCGAGAGAGGTGCACACAGTAAGAGGCC
polyA-HP-3,TAATACGACTCACTATAGGCACTGCTTAAGCCTCAATAAAGCTTGCCTTGAGTGCCTCAAGCAGTGCC
polyA-HP-nb,TAATACGACTCACTATAGGCACTGCTTAAGCCTCAATAAAGCTTGCCTTGAGGCTTAAGCAGTGCC
polyA-HP-C95U,TAATACGACTCACTATAGGCACTGCTTAAGCCTCAATAAAGCTTGCCTTGAGTGCCTTAAGCAGTGCC
polyA HP-dC92,TAATACGACTCACTATAGGCACTGCTTAAGCCTCAATAAAGCTTGCCTTGAGTGCTCAAGCAGTGCC
polyA HP-dU90,TAATACGACTCACTATAGGCACTGCTTAAGCCTCAATAAAGCTTGCCTTGAGGCCTCAAGCAGTGCC
polyA HP-A65C,TAATACGACTCACTATAGGCACTGCTTCAGCCTCAATAAAGCTTGCCTTGAGTGCCTCAAGCAGTGCC
polyA HP-G68,TAATACGACTCACTATAGGCACTGCTTAAGGCCTCAATAAAGCTTGCCTTGAGTGCCTCAAGCAGTGCC
polyA HP-A69,TAATACGACTCACTATAGGCACTGCTTAAGCACTCAATAAAGCTTGCCTTGAGTGCCTCAAGCAGTGCC
3G-polyA-NB,TAATACGACTCACTATAGGGTCTCTCTTGTTAGACCAGGTCGAGCCCGGGAGCTCTCTGGCTAGCAAGGAACCCACTGCTTAAGCCTCAATAAAGCTTGCCTTGAGGCTTAAGCAGTGTGTGCCCATCTGTTGTGTGACTCTGGTAACTAGAGATCCCTCAGACCACTCTAGACGGTGTAAAAATCTCTAGCAGTGGCGCCCGAACAGGGACTTTAAAGTGAAAGTAACAGGGACTCGAAAGCGGAAGTTCCAGAGAAGTTCTCTCGACGCAGGACTCGGCTTGCTGAGGTGCACACAGCAAGAGGCGAGAGCGGCGACTGGTGAGTACGCCAATTTTTGACTAGCGGAGGCTAGAAGGAGAGAGATGGGTGCGAGAGCGTCAGTA
3G-polyA-∆U90,TAATACGACTCACTATAGGGTCTCTCTTGTTAGACCAGGTCGAGCCCGGGAGCTCTCTGGCTAGCAAGGAACCCACTGCTTAAGCCTCAATAAAGCTTGCCTTGAGGCCTCAAGCAGTGTGTGCCCATCTGTTGTGTGACTCTGGTAACTAGAGATCCCTCAGACCACTCTAGACGGTGTAAAAATCTCTAGCAGTGGCGCCCGAACAGGGACTTTAAAGTGAAAGTAACAGGGACTCGAAAGCGGAAGTTCCAGAGAAGTTCTCTCGACGCAGGACTCGGCTTGCTGAGGTGCACACAGCAAGAGGCGAGAGCGGCGACTGGTGAGTACGCCAATTTTTGACTAGCGGAGGCTAGAAGGAGAGAGATGGGTGCGAGAGCGTCAGTA
3G-polyA-∆C92,TAATACGACTCACTATAGGGTCTCTCTTGTTAGACCAGGTCGAGCCCGGGAGCTCTCTGGCTAGCAAGGAACCCACTGCTTAAGCCTCAATAAAGCTTGCCTTGAGTGCTCAAGCAGTGTGTGCCCATCTGTTGTGTGACTCTGGTAACTAGAGATCCCTCAGACCACTCTAGACGGTGTAAAAATCTCTAGCAGTGGCGCCCGAACAGGGACTTTAAAGTGAAAGTAACAGGGACTCGAAAGCGGAAGTTCCAGAGAAGTTCTCTCGACGCAGGACTCGGCTTGCTGAGGTGCACACAGCAAGAGGCGAGAGCGGCGACTGGTGAGTACGCCAATTTTTGACTAGCGGAGGCTAGAAGGAGAGAGATGGGTGCGAGAGCGTCAGTA
3G-polyA-C95U,TAATACGACTCACTATAGGGTCTCTCTTGTTAGACCAGGTCGAGCCCGGGAGCTCTCTGGCTAGCAAGGAACCCACTGCTTAAGCCTCAATAAAGCTTGCCTTGAGTGCCTTAAGCAGTGTGTGCCCATCTGTTGTGTGACTCTGGTAACTAGAGATCCCTCAGACCACTCTAGACGGTGTAAAAATCTCTAGCAGTGGCGCCCGAACAGGGACTTTAAAGTGAAAGTAACAGGGACTCGAAAGCGGAAGTTCCAGAGAAGTTCTCTCGACGCAGGACTCGGCTTGCTGAGGTGCACACAGCAAGAGGCGAGAGCGGCGACTGGTGAGTACGCCAATTTTTGACTAGCGGAGGCTAGAAGGAGAGAGATGGGTGCGAGAGCGTCAGTA
3G-polyA-C95U-G288A,TAATACGACTCACTATAGGGTCTCTCTTGTTAGACCAGGTCGAGCCCGGGAGCTCTCTGGCTAGCAAGGAACCCACTGCTTAAGCCTCAATAAAGCTTGCCTTGAGTGCCTTAAGCAGTGTGTGCCCATCTGTTGTGTGACTCTGGTAACTAGAGATCCCTCAGACCACTCTAGACGGTGTAAAAATCTCTAGCAGTGGCGCCCGAACAGGGACTTTAAAGTGAAAGTAACAGGGACTCGAAAGCGGAAGTTCCAGAGAAGTTCTCTCGACGCAGGACTCGGCTTGCTGAGGTGCACACAGCAAAAGGCGAGAGCGGCGACTGGTGAGTACGCCAATTTTTGACTAGCGGAGGCTAGAAGGAGAGAGATGGGTGCGAGAGCGTCAGTA
3G-polyA-+G68,TAATACGACTCACTATAGGGTCTCTCTTGTTAGACCAGGTCGAGCCCGGGAGCTCTCTGGCTAGCAAGGAACCCACTGCTTAAGGCCTCAATAAAGCTTGCCTTGAGTGCCTCAAGCAGTGTGTGCCCATCTGTTGTGTGACTCTGGTAACTAGAGATCCCTCAGACCACTCTAGACGGTGTAAAAATCTCTAGCAGTGGCGCCCGAACAGGGACTTTAAAGTGAAAGTAACAGGGACTCGAAAGCGGAAGTTCCAGAGAAGTTCTCTCGACGCAGGACTCGGCTTGCTGAGGTGCACACAGCAAGAGGCGAGAGCGGCGACTGGTGAGTACGCCAATTTTTGACTAGCGGAGGCTAGAAGGAGAGAGATGGGTGCGAGAGCGTCAGTA
3G-polyA-+A69,TAATACGACTCACTATAGGGTCTCTCTTGTTAGACCAGGTCGAGCCCGGGAGCTCTCTGGCTAGCAAGGAACCCACTGCTTAAGCACTCAATAAAGCTTGCCTTGAGTGCCTCAAGCAGTGTGTGCCCATCTGTTGTGTGACTCTGGTAACTAGAGATCCCTCAGACCACTCTAGACGGTGTAAAAATCTCTAGCAGTGGCGCCCGAACAGGGACTTTAAAGTGAAAGTAACAGGGACTCGAAAGCGGAAGTTCCAGAGAAGTTCTCTCGACGCAGGACTCGGCTTGCTGAGGTGCACACAGCAAGAGGCGAGAGCGGCGACTGGTGAGTACGCCAATTTTTGACTAGCGGAGGCTAGAAGGAGAGAGATGGGTGCGAGAGCGTCAGTA
3G-TSL4N-PolyA-1BPtop,TAATACGACTCACTATAGGGTCTCTCTTGTTAGACCAGGTCGAGCCCGGGAGCTCTCTGGCTAGCAAGGAACCCACTGCTTAAGCCTCAAGTAAAGCTTGCCCTTGAGTGCCTCAAGCAGTGTGTGCCCATCTGTTGTGTGACTCTGGTAACTAGAGATCCCTCAGACCACTCTAGACGGTGTAAAAATCTCTAGCAGTGGCGCCCGAACAGGGACTTTAAAGTGAAAGTAACAGGGACTCGAAAGCGGAAGTTCCAGAGAAGTTCTCTCGACGCAGGACTCGGCTTGCTGAGGTGCACACAGCAAGAGGCGAGAGCGGCGACTGGTGAGTACGCCAATTTTTGACTAGCGGAGGCTAGAAGGAGAGAGATGGGTGCGAGAGCGTCAGTA
3G-TSL4N-PolyA-5BP-LRAID,TAATACGACTCACTATAGGGTCTCTCTTGTTAGACCAGGTCGAGCCCGGGAGCTCTCTGGCTAGCAAGGAACCCACTGCTTAAGCCTCAATTAGGTAAAGCTTGCCCCTAATTGAGTGCCTCAAGCAGTGTGTGCCCATCTGTTGTGTGACTCTGGTAACTAGAGATCCCTCAGACCACTCTAGACGGTGTAAAAATCTCTAGCAGTGGCGCCCGAACAGGGACTTTAAAGTGAAAGTAACAGGGACTCGAAAGCGGAAGTTCCAGAGAAGTTCTCTCGACGCAGGACTCGGCTTGCTGAGGTGCACACAGCAAGAGGCGAGAGCGGCGACTGGTGAGTACGCCAATTTTTGACTAGCGGAGGCTAGAAGGAGAGAGATGGGTGCGAGAGCGTCAGTA
3G-TAR-C56,TAATACGACTCACTATAGGGTCTCTCTTGTTAGACCAGGTCGAGCCCGGGAGCTCTCTGGCTAGCAAGGAACC
3G-TAR-U60,TAATACGACTCACTATAGGGTCTCTCTTGTTAGACCAGGTCGAGCCCGGGAGCTCTCTGGCTAGCAAGGAACCCACT
3G-TAR-U64,TAATACGACTCACTATAGGGTCTCTCTTGTTAGACCAGGTCGAGCCCGGGAGCTCTCTGGCTAGCAAGGAACCCACTGCTT
3G-TAR-C68,TAATACGACTCACTATAGGGTCTCTCTTGTTAGACCAGGTCGAGCCCGGGAGCTCTCTGGCTAGCAAGGAACCCACTGCTTAAGC
3G-TAR-A72,TAATACGACTCACTATAGGGTCTCTCTTGTTAGACCAGGTCGAGCCCGGGAGCTCTCTGGCTAGCAAGGAACCCACTGCTTAAGCCTCA
3G-TAR-A76,TAATACGACTCACTATAGGGTCTCTCTTGTTAGACCAGGTCGAGCCCGGGAGCTCTCTGGCTAGCAAGGAACCCACTGCTTAAGCCTCAATAA
3G-TAR-U80,TAATACGACTCACTATAGGGTCTCTCTTGTTAGACCAGGTCGAGCCCGGGAGCTCTCTGGCTAGCAAGGAACCCACTGCTTAAGCCTCAATAAAGCT
3G-TAR-C84,TAATACGACTCACTATAGGGTCTCTCTTGTTAGACCAGGTCGAGCCCGGGAGCTCTCTGGCTAGCAAGGAACCCACTGCTTAAGCCTCAATAAAGCTTGCC
3G-TAR-A88,TAATACGACTCACTATAGGGTCTCTCTTGTTAGACCAGGTCGAGCCCGGGAGCTCTCTGGCTAGCAAGGAACCCACTGCTTAAGCCTCAATAAAGCTTGCCTTGA
3G-TAR-C92,TAATACGACTCACTATAGGGTCTCTCTTGTTAGACCAGGTCGAGCCCGGGAGCTCTCTGGCTAGCAAGGAACCCACTGCTTAAGCCTCAATAAAGCTTGCCTTGAGTGC
3G-TAR-A96,TAATACGACTCACTATAGGGTCTCTCTTGTTAGACCAGGTCGAGCCCGGGAGCTCTCTGGCTAGCAAGGAACCCACTGCTTAAGCCTCAATAAAGCTTGCCTTGAGTGCCTCA
3G-TAR-A100,TAATACGACTCACTATAGGGTCTCTCTTGTTAGACCAGGTCGAGCCCGGGAGCTCTCTGGCTAGCAAGGAACCCACTGCTTAAGCCTCAATAAAGCTTGCCTTGAGTGCCTCAAGCA
3G-TAR-G103,TAATACGACTCACTATAGGGTCTCTCTTGTTAGACCAGGTCGAGCCCGGGAGCTCTCTGGCTAGCAAGGAACCCACTGCTTAAGCCTCAATAAAGCTTGCCTTGAGTGCCTCAAGCAGTG
3G-polyA-A65C,TAATACGACTCACTATAGGGTCTCTCTTGTTAGACCAGGTCGAGCCCGGGAGCTCTCTGGCTAGCAAGGAACCCACTGCTTCAGCCTCAATAAAGCTTGCCTTGAGTGCCTCAAGCAGTGTGTGCCCATCTGTTGTGTGACTCTGGTAACTAGAGATCCCTCAGACCACTCTAGACGGTGTAAAAATCTCTAGCAGTGGCGCCCGAACAGGGACTTTAAAGTGAAAGTAACAGGGACTCGAAAGCGGAAGTTCCAGAGAAGTTCTCTCGACGCAGGACTCGGCTTGCTGAGGTGCACACAGCAAGAGGCGAGAGCGGCGACTGGTGAGTACGCCAATTTTTGACTAGCGGAGGCTAGAAGGAGAGAGATGGGTGCGAGAGCGTCAGTA
2G-polyA-A65C,TAATACGACTCACTATAGGTCTCTCTTGTTAGACCAGGTCGAGCCCGGGAGCTCTCTGGCTAGCAAGGAACCCACTGCTTCAGCCTCAATAAAGCTTGCCTTGAGTGCCTCAAGCAGTGTGTGCCCATCTGTTGTGTGACTCTGGTAACTAGAGATCCCTCAGACCACTCTAGACGGTGTAAAAATCTCTAGCAGTGGCGCCCGAACAGGGACTTTAAAGTGAAAGTAACAGGGACTCGAAAGCGGAAGTTCCAGAGAAGTTCTCTCGACGCAGGACTCGGCTTGCTGAGGTGCACACAGCAAGAGGCGAGAGCGGCGACTGGTGAGTACGCCAATTTTTGACTAGCGGAGGCTAGAAGGAGAGAGATGGGTGCGAGAGCGTCAGTA
1G-polyA-A65C,TAATACGACTCACTATAGTCTCTCTTGTTAGACCAGGTCGAGCCCGGGAGCTCTCTGGCTAGCAAGGAACCCACTGCTTCAGCCTCAATAAAGCTTGCCTTGAGTGCCTCAAGCAGTGTGTGCCCATCTGTTGTGTGACTCTGGTAACTAGAGATCCCTCAGACCACTCTAGACGGTGTAAAAATCTCTAGCAGTGGCGCCCGAACAGGGACTTTAAAGTGAAAGTAACAGGGACTCGAAAGCGGAAGTTCCAGAGAAGTTCTCTCGACGCAGGACTCGGCTTGCTGAGGTGCACACAGCAAGAGGCGAGAGCGGCGACTGGTGAGTACGCCAATTTTTGACTAGCGGAGGCTAGAAGGAGAGAGATGGGTGCGAGAGCGTCAGTA
polyA HP-A65C,TAATACGACTCACTATAGGCACTGCTTCAGCCTCAATAAAGCTTGCCTTGAGTGCCTCAAGCAGTGCC
MAL PBS-Dimer (PBS-Dimer-Full-2),TAATACGACTCACTATAGGCCGTGTGACTCTGGTAACTAGAGATCCCTCAGACCACTCTAGACGGTGTAAAAATCTCTAGCAGTGGCGCCCGAACAGGGACTTTAAAGTGAAAGTAACAGGGACTCGAAAGCGGAAGTTCCAGAGAAGTTCTCTCGACGCGAGAGCGGCGACTGGTGAGTACGCCGGCC
MAL PBS-M (PBS-Monomer, PBS-Full-2),TAATACGACTCACTATAGGGTGCCTCAAGCAGTGTGTGCCCATCTGTTGTGTGACTCTGGTAACTAGAGATCCCTCAGACCACTCTAGACGGTGTAAAAATCTCTAGCAGTGGCGCCCGAACAGGGACTTTAAAGTGAAAGTAACAGGGACTCGAAAGCGGAAGTTCCAGAGAAGTTCTCTCGACGCAGGACTCGGCTTGCTGAGGTGCACACAGCAAGAGGCG
MAL PBS-M2 (PBS-M-∆U5:DIS),TAATACGACTCACTATAGGGCCCATCTGTTGTGTGACTCTGGTAACTAGAGATCCCTCAGACCACTCTAGACGGTGTAAAAATCTCTAGCAGTGGCGCCCGAACAGGGACTTTAAAGTGAAAGTAACAGGGACTCGAAAGCGGAAGTTCCAGAGAAGTTCTCTCGACGCAGGACTCGGCTTGCTGAGGCCC
3G-TSL4N-PBS-A_U1A,TAATACGACTCACTATAGGGTCTCTCTTGTTAGACCAGGTCGAGCCCGGGAGCTCTCTGGCTAGCAAGGAACCCACTGCTTAAGCCTCAATAAAGCTTGCCTTGAGTGCCTCAAGCAGTGTGTGCCCATCTGTTGTGTGACTCTGGTAACTAGAGATCCCTCAGACCACTCTAGACGGTCCATTGCACTCCGGATCTCTAGCAGTGGCGCCCGAACAGGGACTTTAAAGTGAAAGTAACAGGGACTCGAAAGCGGAAGTTCCAGAGAAGTTCTCTCGACGCAGGACTCGGCTTGCTGAGGTGCACACAGCAAGAGGCGAGAGCGGCGACTGGTGAGTACGCCAATTTTTGACTAGCGGAGGCTAGAAGGAGAGAGATGGGTGCGAGAGCGTCAGTA
PBS-M-PBS-A_U1A,TAATACGACTCACTATAGGGTGCCTCAAGCAGTGTGTGCCCATCTGTTGTGTGACTCTGGTAACTAGAGATCCCTCAGACCACTCTAGACGGTCCATTGCACTCCGGATCTCTAGCAGTGGCGCCCGAACAGGGACTTTAAAGTGAAAGTAACAGGGACTCGAAAGCGGAAGTTCCAGAGAAGTTCTCTCGACGCAGGACTCGGCTTGCTGAGGTGCACACAGCAAGAGGCG
PBS-Dimer-PBS-A_U1A,TAATACGACTCACTATAGGCCGTGTGACTCTGGTAACTAGAGATCCCTCAGACCACTCTAGACGGTCCATTGCACTCCGGATCTCTAGCAGTGGCGCCCGAACAGGGACTTTAAAGTGAAAGTAACAGGGACTCGAAAGCGGAAGTTCCAGAGAAGTTCTCTCGACGCGAGAGCGGCGACTGGTGAGTACGCCGGCC
MAL-2G-ND MAL 2G-TSL-359,TAATACGACTCACTATAGGTCTCTCTTGTTAGACCAGGTCGAGCCCGGGAGCTCTCTGGCTAGCAAGGAACCCACTGCTTAAGCCTCAATAAAGCTTGCCTTGAGTGCCTCAAGCAGTGTGTGCCCATCTGTTGTGTGACTCTGGTAACTAGAGATCCCTCAGACCACTCTAGACGGTGTAAAAATCTCTAGCAGTGGCGCCCGAACAGGGACTTTAAAGTGAAAGTAACAGGGACTCGAAAGCGGAAGTTCCAGAGAAGTTCTCTCGACGCAGGACTCGGCTTGCTGAGGTGCACACAGCAAGAGGCGAGAGCGGCGACTGGTGAGTACGCCAATTTTTGACTAGCGGAGGCTAGAAGGAGAGAGATGGGTGCG
MAL-2G-ND-LRAID1,TAATACGACTCACTATAGGTCTCTCTTGTTAGACCAGGTCGAGCCCGGGAGCTCTCTGGCTAGCAAGGAACCCACTGCTTAAGCCTCAATAAAGCTTGCCTTGAGTGCCTCAAGCAGTGTTTACCCATCTGTTGTGTGACTCTGGTAACTAGAGATCCCTCAGACCACTCTAGACGGTGTAAAAATCTCTAGCAGTGGCGCCCGAACAGGGACTTTAAAGTGAAAGTAACAGGGACTCGAAAGCGGAAGTTCCAGAGAAGTTCTCTCGACGCAGGACTCGGCTTGCTGAGGTGCACACAGCAAGAGGCGAGAGCGGCGACTGGTGAGTACGCCAATTTTTGACTAGCGGAGGCTAGAAGGAGAGAGATGGGTAAG
MAL-2G-ND-LRAID2,TAATACGACTCACTATAGGTCTCTCTTGTTAGACCAGGTCGAGCCCGGGAGCTCTCTGGCTAGCAAGGAACCCACTGCTTAAGCCTCAATAAAGCTTGCCTTGAGTGCCTCAAGCAGTGTGTGCTTATCTGTTGTGTGACTCTGGTAACTAGAGATCCCTCAGACCACTCTAGACGGTGTAAAAATCTCTAGCAGTGGCGCCCGAACAGGGACTTTAAAGTGAAAGTAACAGGGACTCGAAAGCGGAAGTTCCAGAGAAGTTCTCTCGACGCAGGACTCGGCTTGCTGAGGTGCACACAGCAAGAGGCGAGAGCGGCGACTGGTGAGTACGCCAATTTTTGACTAGCGGAGGCTAGAAGGAGAGAGATAAGTGCG
MAL-nl43-pal,TAATACGACTCACTATAGGTCTCTCTTGTTAGACCAGGTCGAGCCCGGGAGCTCTCTGGCTAGCAAGGAACCCACTGCTTAAGCCTCAATAAAGCTTGCCTTGAGTGCCTCAAGCAGTGTGTGCCCATCTGTTGTGTGACTCTGGTAACTAGAGATCCCTCAGACCACTCTAGACGGTGTAAAAATCTCTAGCAGTGGCGCCCGAACAGGGACTTTAAAGTGAAAGTAACAGGGACTCGAAAGCGGAAGTTCCAGAGAAGTTCTCTCGACGCAGGACTCGGCTTGCTGAGGCGCGCACAGCAAGAGGCGAGAGCGGCGACTGGTGAGTACGCCAATTTTTGACTAGCGGAGGCTAGAAGGAGAGAGATGGGTGCG
MAL-nl43-pal-LRAID1,TAATACGACTCACTATAGGTCTCTCTTGTTAGACCAGGTCGAGCCCGGGAGCTCTCTGGCTAGCAAGGAACCCACTGCTTAAGCCTCAATAAAGCTTGCCTTGAGTGCCTCAAGCAGTGTTTACCCATCTGTTGTGTGACTCTGGTAACTAGAGATCCCTCAGACCACTCTAGACGGTGTAAAAATCTCTAGCAGTGGCGCCCGAACAGGGACTTTAAAGTGAAAGTAACAGGGACTCGAAAGCGGAAGTTCCAGAGAAGTTCTCTCGACGCAGGACTCGGCTTGCTGAGGCGCGCACAGCAAGAGGCGAGAGCGGCGACTGGTGAGTACGCCAATTTTTGACTAGCGGAGGCTAGAAGGAGAGAGATGGGTAAG
MAL-nl43-bulge,TAATACGACTCACTATAGGTCTCTCTTGTTAGACCAGGTCGAGCCCGGGAGCTCTCTGGCTAGCAAGGAACCCACTGCTTAAGCCTCAATAAAGCTTGCCTTGAGTGCCTCAAGCAGTGTGTGCCCATCTGTTGTGTGACTCTGGTAACTAGAGATCCCTCAGACCACTCTAGACGGTGTAAAAATCTCTAGCAGTGGCGCCCGAACAGGGACTTTAAAGTGAAAGTAACAGGGACTCGAAAGCGGAAGTTCCAGAGAAGTTCTCTCGACGCAGGACTCGGCTTGCTGAGGTGCACACAGCAAGAGGCGAGGGGCGGCGACTGGTGAGTACGCCAATTTTTGACTAGCGGAGGCTAGAAGGAGAGAGATGGGTGCG
MAL-nl43-bulge-LRAID1,TAATACGACTCACTATAGGTCTCTCTTGTTAGACCAGGTCGAGCCCGGGAGCTCTCTGGCTAGCAAGGAACCCACTGCTTAAGCCTCAATAAAGCTTGCCTTGAGTGCCTCAAGCAGTGTTTACCCATCTGTTGTGTGACTCTGGTAACTAGAGATCCCTCAGACCACTCTAGACGGTGTAAAAATCTCTAGCAGTGGCGCCCGAACAGGGACTTTAAAGTGAAAGTAACAGGGACTCGAAAGCGGAAGTTCCAGAGAAGTTCTCTCGACGCAGGACTCGGCTTGCTGAGGTGCACACAGCAAGAGGCGAGGGGCGGCGACTGGTGAGTACGCCAATTTTTGACTAGCGGAGGCTAGAAGGAGAGAGATGGGTAAG
MAL-nl43-loop,TAATACGACTCACTATAGGTCTCTCTTGTTAGACCAGGTCGAGCCCGGGAGCTCTCTGGCTAGCAAGGAACCCACTGCTTAAGCCTCAATAAAGCTTGCCTTGAGTGCCTCAAGCAGTGTGTGCCCATCTGTTGTGTGACTCTGGTAACTAGAGATCCCTCAGACCACTCTAGACGGTGTAAAAATCTCTAGCAGTGGCGCCCGAACAGGGACTTTAAAGTGAAAGTAACAGGGACTCGAAAGCGGAAGTTCCAGAGAAGTTCTCTCGACGCAGGACTCGGCTTGCTGAAGCGCGCACAGCAAGAGGCGAGAGCGGCGACTGGTGAGTACGCCAATTTTTGACTAGCGGAGGCTAGAAGGAGAGAGATGGGTGCG
MAL-nl43-loop-LRAID1,TAATACGACTCACTATAGGTCTCTCTTGTTAGACCAGGTCGAGCCCGGGAGCTCTCTGGCTAGCAAGGAACCCACTGCTTAAGCCTCAATAAAGCTTGCCTTGAGTGCCTCAAGCAGTGTTTACCCATCTGTTGTGTGACTCTGGTAACTAGAGATCCCTCAGACCACTCTAGACGGTGTAAAAATCTCTAGCAGTGGCGCCCGAACAGGGACTTTAAAGTGAAAGTAACAGGGACTCGAAAGCGGAAGTTCCAGAGAAGTTCTCTCGACGCAGGACTCGGCTTGCTGAAGCGCGCACAGCAAGAGGCGAGAGCGGCGACTGGTGAGTACGCCAATTTTTGACTAGCGGAGGCTAGAAGGAGAGAGATGGGTAAG
MAL-nl43-stem,TAATACGACTCACTATAGGTCTCTCTTGTTAGACCAGGTCGAGCCCGGGAGCTCTCTGGCTAGCAAGGAACCCACTGCTTAAGCCTCAATAAAGCTTGCCTTGAGTGCCTCAAGCAGTGTGTGCCCATCTGTTGTGTGACTCTGGTAACTAGAGATCCCTCAGACCACTCTAGACGGTGTAAAAATCTCTAGCAGTGGCGCCCGAACAGGGACTTTAAAGTGAAAGTAACAGGGACTCGAAAGCGGAAGTTCCAGAGAAGTTCTCTCGACGCAGGACTCGGCTTGCTGAGGTGCACACGGCAAGAGGCGAGAGCGGCGACTGGTGAGTACGCCAATTTTTGACTAGCGGAGGCTAGAAGGAGAGAGATGGGTGCG
MAL-nl43-stem-LRAID1,TAATACGACTCACTATAGGTCTCTCTTGTTAGACCAGGTCGAGCCCGGGAGCTCTCTGGCTAGCAAGGAACCCACTGCTTAAGCCTCAATAAAGCTTGCCTTGAGTGCCTCAAGCAGTGTTTACCCATCTGTTGTGTGACTCTGGTAACTAGAGATCCCTCAGACCACTCTAGACGGTGTAAAAATCTCTAGCAGTGGCGCCCGAACAGGGACTTTAAAGTGAAAGTAACAGGGACTCGAAAGCGGAAGTTCCAGAGAAGTTCTCTCGACGCAGGACTCGGCTTGCTGAGGTGCACACGGCAAGAGGCGAGAGCGGCGACTGGTGAGTACGCCAATTTTTGACTAGCGGAGGCTAGAAGGAGAGAGATGGGTAAG
MAL-nl43-flank (MAL-G274A),TAATACGACTCACTATAGGTCTCTCTTGTTAGACCAGGTCGAGCCCGGGAGCTCTCTGGCTAGCAAGGAACCCACTGCTTAAGCCTCAATAAAGCTTGCCTTGAGTGCCTCAAGCAGTGTGTGCCCATCTGTTGTGTGACTCTGGTAACTAGAGATCCCTCAGACCACTCTAGACGGTGTAAAAATCTCTAGCAGTGGCGCCCGAACAGGGACTTTAAAGTGAAAGTAACAGGGACTCGAAAGCGGAAGTTCCAGAGAAGTTCTCTCGACGCAGGACTCGGCTTGCTGAAGTGCACACAGCAAGAGGCGAGAGCGGCGACTGGTGAGTACGCCAATTTTTGACTAGCGGAGGCTAGAAGGAGAGAGATGGGTGCG
MAL-nl43-flank-LRAID1,TAATACGACTCACTATAGGTCTCTCTTGTTAGACCAGGTCGAGCCCGGGAGCTCTCTGGCTAGCAAGGAACCCACTGCTTAAGCCTCAATAAAGCTTGCCTTGAGTGCCTCAAGCAGTGTTTACCCATCTGTTGTGTGACTCTGGTAACTAGAGATCCCTCAGACCACTCTAGACGGTGTAAAAATCTCTAGCAGTGGCGCCCGAACAGGGACTTTAAAGTGAAAGTAACAGGGACTCGAAAGCGGAAGTTCCAGAGAAGTTCTCTCGACGCAGGACTCGGCTTGCTGAAGTGCACACAGCAAGAGGCGAGAGCGGCGACTGGTGAGTACGCCAATTTTTGACTAGCGGAGGCTAGAAGGAGAGAGATGGGTAAG
MAL-nl43-pal-bulge,TAATACGACTCACTATAGGTCTCTCTTGTTAGACCAGGTCGAGCCCGGGAGCTCTCTGGCTAGCAAGGAACCCACTGCTTAAGCCTCAATAAAGCTTGCCTTGAGTGCCTCAAGCAGTGTGTGCCCATCTGTTGTGTGACTCTGGTAACTAGAGATCCCTCAGACCACTCTAGACGGTGTAAAAATCTCTAGCAGTGGCGCCCGAACAGGGACTTTAAAGTGAAAGTAACAGGGACTCGAAAGCGGAAGTTCCAGAGAAGTTCTCTCGACGCAGGACTCGGCTTGCTGAGGCGCGCACAGCAAGAGGCGAGGGGCGGCGACTGGTGAGTACGCCAATTTTTGACTAGCGGAGGCTAGAAGGAGAGAGATGGGTGCG
MAL-nl43-pal-bulge-LRAID1,TAATACGACTCACTATAGGTCTCTCTTGTTAGACCAGGTCGAGCCCGGGAGCTCTCTGGCTAGCAAGGAACCCACTGCTTAAGCCTCAATAAAGCTTGCCTTGAGTGCCTCAAGCAGTGTTTACCCATCTGTTGTGTGACTCTGGTAACTAGAGATCCCTCAGACCACTCTAGACGGTGTAAAAATCTCTAGCAGTGGCGCCCGAACAGGGACTTTAAAGTGAAAGTAACAGGGACTCGAAAGCGGAAGTTCCAGAGAAGTTCTCTCGACGCAGGACTCGGCTTGCTGAGGCGCGCACAGCAAGAGGCGAGGGGCGGCGACTGGTGAGTACGCCAATTTTTGACTAGCGGAGGCTAGAAGGAGAGAGATGGGTAAG
MAL-nl43-pal-stem,TAATACGACTCACTATAGGTCTCTCTTGTTAGACCAGGTCGAGCCCGGGAGCTCTCTGGCTAGCAAGGAACCCACTGCTTAAGCCTCAATAAAGCTTGCCTTGAGTGCCTCAAGCAGTGTGTGCCCATCTGTTGTGTGACTCTGGTAACTAGAGATCCCTCAGACCACTCTAGACGGTGTAAAAATCTCTAGCAGTGGCGCCCGAACAGGGACTTTAAAGTGAAAGTAACAGGGACTCGAAAGCGGAAGTTCCAGAGAAGTTCTCTCGACGCAGGACTCGGCTTGCTGAGGCGCGCACGGCAAGAGGCGAGAGCGGCGACTGGTGAGTACGCCAATTTTTGACTAGCGGAGGCTAGAAGGAGAGAGATGGGTGCG
MAL-nl43-pal-stem-LRAID1,TAATACGACTCACTATAGGTCTCTCTTGTTAGACCAGGTCGAGCCCGGGAGCTCTCTGGCTAGCAAGGAACCCACTGCTTAAGCCTCAATAAAGCTTGCCTTGAGTGCCTCAAGCAGTGTTTACCCATCTGTTGTGTGACTCTGGTAACTAGAGATCCCTCAGACCACTCTAGACGGTGTAAAAATCTCTAGCAGTGGCGCCCGAACAGGGACTTTAAAGTGAAAGTAACAGGGACTCGAAAGCGGAAGTTCCAGAGAAGTTCTCTCGACGCAGGACTCGGCTTGCTGAGGCGCGCACGGCAAGAGGCGAGAGCGGCGACTGGTGAGTACGCCAATTTTTGACTAGCGGAGGCTAGAAGGAGAGAGATGGGTAAG
MAL-nl43-bulge-loop,TAATACGACTCACTATAGGTCTCTCTTGTTAGACCAGGTCGAGCCCGGGAGCTCTCTGGCTAGCAAGGAACCCACTGCTTAAGCCTCAATAAAGCTTGCCTTGAGTGCCTCAAGCAGTGTGTGCCCATCTGTTGTGTGACTCTGGTAACTAGAGATCCCTCAGACCACTCTAGACGGTGTAAAAATCTCTAGCAGTGGCGCCCGAACAGGGACTTTAAAGTGAAAGTAACAGGGACTCGAAAGCGGAAGTTCCAGAGAAGTTCTCTCGACGCAGGACTCGGCTTGCTGAAGCGCGCACAGCAAGAGGCGAGGGGCGGCGACTGGTGAGTACGCCAATTTTTGACTAGCGGAGGCTAGAAGGAGAGAGATGGGTGCG
MAL-nl43-bulge-loop-LRAID1,TAATACGACTCACTATAGGTCTCTCTTGTTAGACCAGGTCGAGCCCGGGAGCTCTCTGGCTAGCAAGGAACCCACTGCTTAAGCCTCAATAAAGCTTGCCTTGAGTGCCTCAAGCAGTGTTTACCCATCTGTTGTGTGACTCTGGTAACTAGAGATCCCTCAGACCACTCTAGACGGTGTAAAAATCTCTAGCAGTGGCGCCCGAACAGGGACTTTAAAGTGAAAGTAACAGGGACTCGAAAGCGGAAGTTCCAGAGAAGTTCTCTCGACGCAGGACTCGGCTTGCTGAAGCGCGCACAGCAAGAGGCGAGGGGCGGCGACTGGTGAGTACGCCAATTTTTGACTAGCGGAGGCTAGAAGGAGAGAGATGGGTAAG
MAL-nl43-bulge-stem,TAATACGACTCACTATAGGTCTCTCTTGTTAGACCAGGTCGAGCCCGGGAGCTCTCTGGCTAGCAAGGAACCCACTGCTTAAGCCTCAATAAAGCTTGCCTTGAGTGCCTCAAGCAGTGTGTGCCCATCTGTTGTGTGACTCTGGTAACTAGAGATCCCTCAGACCACTCTAGACGGTGTAAAAATCTCTAGCAGTGGCGCCCGAACAGGGACTTTAAAGTGAAAGTAACAGGGACTCGAAAGCGGAAGTTCCAGAGAAGTTCTCTCGACGCAGGACTCGGCTTGCTGAGGTGCACACGGCAAGAGGCGAGGGGCGGCGACTGGTGAGTACGCCAATTTTTGACTAGCGGAGGCTAGAAGGAGAGAGATGGGTGCG
MAL-nl43-bulge-stem-LRAID1,TAATACGACTCACTATAGGTCTCTCTTGTTAGACCAGGTCGAGCCCGGGAGCTCTCTGGCTAGCAAGGAACCCACTGCTTAAGCCTCAATAAAGCTTGCCTTGAGTGCCTCAAGCAGTGTTTACCCATCTGTTGTGTGACTCTGGTAACTAGAGATCCCTCAGACCACTCTAGACGGTGTAAAAATCTCTAGCAGTGGCGCCCGAACAGGGACTTTAAAGTGAAAGTAACAGGGACTCGAAAGCGGAAGTTCCAGAGAAGTTCTCTCGACGCAGGACTCGGCTTGCTGAGGTGCACACGGCAAGAGGCGAGGGGCGGCGACTGGTGAGTACGCCAATTTTTGACTAGCGGAGGCTAGAAGGAGAGAGATGGGTAAG
MAL-nl43-loop-stem,TAATACGACTCACTATAGGTCTCTCTTGTTAGACCAGGTCGAGCCCGGGAGCTCTCTGGCTAGCAAGGAACCCACTGCTTAAGCCTCAATAAAGCTTGCCTTGAGTGCCTCAAGCAGTGTGTGCCCATCTGTTGTGTGACTCTGGTAACTAGAGATCCCTCAGACCACTCTAGACGGTGTAAAAATCTCTAGCAGTGGCGCCCGAACAGGGACTTTAAAGTGAAAGTAACAGGGACTCGAAAGCGGAAGTTCCAGAGAAGTTCTCTCGACGCAGGACTCGGCTTGCTGAAGCGCGCACGGCAAGAGGCGAGAGCGGCGACTGGTGAGTACGCCAATTTTTGACTAGCGGAGGCTAGAAGGAGAGAGATGGGTGCG
MAL-nl43-loop-stem-LRAID1,TAATACGACTCACTATAGGTCTCTCTTGTTAGACCAGGTCGAGCCCGGGAGCTCTCTGGCTAGCAAGGAACCCACTGCTTAAGCCTCAATAAAGCTTGCCTTGAGTGCCTCAAGCAGTGTTTACCCATCTGTTGTGTGACTCTGGTAACTAGAGATCCCTCAGACCACTCTAGACGGTGTAAAAATCTCTAGCAGTGGCGCCCGAACAGGGACTTTAAAGTGAAAGTAACAGGGACTCGAAAGCGGAAGTTCCAGAGAAGTTCTCTCGACGCAGGACTCGGCTTGCTGAAGCGCGCACGGCAAGAGGCGAGAGCGGCGACTGGTGAGTACGCCAATTTTTGACTAGCGGAGGCTAGAAGGAGAGAGATGGGTAAG
MAL-nl43-DIS,TAATACGACTCACTATAGGTCTCTCTTGTTAGACCAGGTCGAGCCCGGGAGCTCTCTGGCTAGCAAGGAACCCACTGCTTAAGCCTCAATAAAGCTTGCCTTGAGTGCCTCAAGCAGTGTGTGCCCATCTGTTGTGTGACTCTGGTAACTAGAGATCCCTCAGACCACTCTAGACGGTGTAAAAATCTCTAGCAGTGGCGCCCGAACAGGGACTTTAAAGTGAAAGTAACAGGGACTCGAAAGCGGAAGTTCCAGAGAAGTTCTCTCGACGCAGGACTCGGCTTGCTGAAGCGCGCACGGCAAGAGGCGAGGGGCGGCGACTGGTGAGTACGCCAATTTTTGACTAGCGGAGGCTAGAAGGAGAGAGATGGGTGCG
MAL-nl43-DIS-LRAID1,TAATACGACTCACTATAGGTCTCTCTTGTTAGACCAGGTCGAGCCCGGGAGCTCTCTGGCTAGCAAGGAACCCACTGCTTAAGCCTCAATAAAGCTTGCCTTGAGTGCCTCAAGCAGTGTTTACCCATCTGTTGTGTGACTCTGGTAACTAGAGATCCCTCAGACCACTCTAGACGGTGTAAAAATCTCTAGCAGTGGCGCCCGAACAGGGACTTTAAAGTGAAAGTAACAGGGACTCGAAAGCGGAAGTTCCAGAGAAGTTCTCTCGACGCAGGACTCGGCTTGCTGAAGCGCGCACGGCAAGAGGCGAGGGGCGGCGACTGGTGAGTACGCCAATTTTTGACTAGCGGAGGCTAGAAGGAGAGAGATGGGTAAG
MAL-nl43-DIS-LRAID2,TAATACGACTCACTATAGGTCTCTCTTGTTAGACCAGGTCGAGCCCGGGAGCTCTCTGGCTAGCAAGGAACCCACTGCTTAAGCCTCAATAAAGCTTGCCTTGAGTGCCTCAAGCAGTGTGTGCTTATCTGTTGTGTGACTCTGGTAACTAGAGATCCCTCAGACCACTCTAGACGGTGTAAAAATCTCTAGCAGTGGCGCCCGAACAGGGACTTTAAAGTGAAAGTAACAGGGACTCGAAAGCGGAAGTTCCAGAGAAGTTCTCTCGACGCAGGACTCGGCTTGCTGAAGCGCGCACGGCAAGAGGCGAGGGGCGGCGACTGGTGAGTACGCCAATTTTTGACTAGCGGAGGCTAGAAGGAGAGAGATAAGTGCG
NL43-2G-TSL4N,TAATACGACTCACTATAGGTCTCTCTGGTTAGACCAGATCTGAGCCTGGGAGCTCTCTGGCTAACTAGGGAACCCACTGCTTAAGCCTCAATAAAGCTTGCCTTGAGTGCTCAAAGTAGTGTGTGCCCGTCTGTTGTGTGACTCTGGTAACTAGAGATCCCTCAGACCCTTTTAGTCAGTGTGGAAAATCTCTAGCAGTGGCGCCCGAACAGGGACTTGAAAGCGAAAGTAAAGCCAGAGGAGATCTCTCGACGCAGGACTCGGCTTGCTGAAGCGCGCACGGCAAGAGGCGAGGGGCGGCGACTGGTGAGTACGCCAAAAATTTTGACTAGCGGAGGCTAGAAGGAGAGAGATGGGTGCGAGAGCGTCGGTA
NL43-2G-ND (NL43 2G-TSL-344),TAATACGACTCACTATAGGTCTCTCTGGTTAGACCAGATCTGAGCCTGGGAGCTCTCTGGCTAACTAGGGAACCCACTGCTTAAGCCTCAATAAAGCTTGCCTTGAGTGCTCAAAGTAGTGTGTGCCCGTCTGTTGTGTGACTCTGGTAACTAGAGATCCCTCAGACCCTTTTAGTCAGTGTGGAAAATCTCTAGCAGTGGCGCCCGAACAGGGACTTGAAAGCGAAAGTAAAGCCAGAGGAGATCTCTCGACGCAGGACTCGGCTTGCTGAAGCGCGCACGGCAAGAGGCGAGGGGCGGCGACTGGTGAGTACGCCAAAAATTTTGACTAGCGGAGGCTAGAAGGAGAGAGATGGGTGCG
NL43-2G-ND-LRAID1-A46G,TAATACGACTCACTATAGGTCTCTCTGGTTAGACCAGATCTGAGCCTGGGAGCTCTCTGGCTGACTAGGGAACCCACTGCTTAAGCCTCAATAAAGCTTGCCTTGAGTGCTCAAAGTAGTGTTTACCCGTCTGTTGTGTGACTCTGGTAACTAGAGATCCCTCAGACCCTTTTAGTCAGTGTGGAAAATCTCTAGCAGTGGCGCCCGAACAGGGACTTGAAAGCGAAAGTAAAGCCAGAGGAGATCTCTCGACGCAGGACTCGGCTTGCTGAAGCGCGCACGGCAAGAGGCGAGGGGCGGCGACTGGTGAGTACGCCAAAAATTTTGACTAGCGGAGGCTAGAAGGAGAGAGATGGGTAAG
NL43-2G-ND-LRAID2-A46G,TAATACGACTCACTATAGGTCTCTCTGGTTAGACCAGATCTGAGCCTGGGAGCTCTCTGGCTGACTAGGGAACCCACTGCTTAAGCCTCAATAAAGCTTGCCTTGAGTGCTCAAAGTAGTGTGTGCTTATCTGTTGTGTGACTCTGGTAACTAGAGATCCCTCAGACCCTTTTAGTCAGTGTGGAAAATCTCTAGCAGTGGCGCCCGAACAGGGACTTGAAAGCGAAAGTAAAGCCAGAGGAGATCTCTCGACGCAGGACTCGGCTTGCTGAAGCGCGCACGGCAAGAGGCGAGGGGCGGCGACTGGTGAGTACGCCAAAAATTTTGACTAGCGGAGGCTAGAAGGAGAGAGATAAGTGCG
NL43-mal-pal,TAATACGACTCACTATAGGTCTCTCTGGTTAGACCAGATCTGAGCCTGGGAGCTCTCTGGCTAACTAGGGAACCCACTGCTTAAGCCTCAATAAAGCTTGCCTTGAGTGCTCAAAGTAGTGTGTGCCCGTCTGTTGTGTGACTCTGGTAACTAGAGATCCCTCAGACCCTTTTAGTCAGTGTGGAAAATCTCTAGCAGTGGCGCCCGAACAGGGACTTGAAAGCGAAAGTAAAGCCAGAGGAGATCTCTCGACGCAGGACTCGGCTTGCTGAAGTGCACACGGCAAGAGGCGAGGGGCGGCGACTGGTGAGTACGCCAAAAATTTTGACTAGCGGAGGCTAGAAGGAGAGAGATGGGTGCG
NL43-mal-pal-LRAID1-A46G,TAATACGACTCACTATAGGTCTCTCTGGTTAGACCAGATCTGAGCCTGGGAGCTCTCTGGCTGACTAGGGAACCCACTGCTTAAGCCTCAATAAAGCTTGCCTTGAGTGCTCAAAGTAGTGTTTACCCGTCTGTTGTGTGACTCTGGTAACTAGAGATCCCTCAGACCCTTTTAGTCAGTGTGGAAAATCTCTAGCAGTGGCGCCCGAACAGGGACTTGAAAGCGAAAGTAAAGCCAGAGGAGATCTCTCGACGCAGGACTCGGCTTGCTGAAGTGCACACGGCAAGAGGCGAGGGGCGGCGACTGGTGAGTACGCCAAAAATTTTGACTAGCGGAGGCTAGAAGGAGAGAGATGGGTAAG
NL43-mal-bulge,TAATACGACTCACTATAGGTCTCTCTGGTTAGACCAGATCTGAGCCTGGGAGCTCTCTGGCTAACTAGGGAACCCACTGCTTAAGCCTCAATAAAGCTTGCCTTGAGTGCTCAAAGTAGTGTGTGCCCGTCTGTTGTGTGACTCTGGTAACTAGAGATCCCTCAGACCCTTTTAGTCAGTGTGGAAAATCTCTAGCAGTGGCGCCCGAACAGGGACTTGAAAGCGAAAGTAAAGCCAGAGGAGATCTCTCGACGCAGGACTCGGCTTGCTGAAGCGCGCACGGCAAGAGGCGAGAGCGGCGACTGGTGAGTACGCCAAAAATTTTGACTAGCGGAGGCTAGAAGGAGAGAGATGGGTGCG
NL43-mal-bulge-LRAID1-A46G,TAATACGACTCACTATAGGTCTCTCTGGTTAGACCAGATCTGAGCCTGGGAGCTCTCTGGCTGACTAGGGAACCCACTGCTTAAGCCTCAATAAAGCTTGCCTTGAGTGCTCAAAGTAGTGTTTACCCGTCTGTTGTGTGACTCTGGTAACTAGAGATCCCTCAGACCCTTTTAGTCAGTGTGGAAAATCTCTAGCAGTGGCGCCCGAACAGGGACTTGAAAGCGAAAGTAAAGCCAGAGGAGATCTCTCGACGCAGGACTCGGCTTGCTGAAGCGCGCACGGCAAGAGGCGAGAGCGGCGACTGGTGAGTACGCCAAAAATTTTGACTAGCGGAGGCTAGAAGGAGAGAGATGGGTAAG
NL43-mal-loop,TAATACGACTCACTATAGGTCTCTCTGGTTAGACCAGATCTGAGCCTGGGAGCTCTCTGGCTAACTAGGGAACCCACTGCTTAAGCCTCAATAAAGCTTGCCTTGAGTGCTCAAAGTAGTGTGTGCCCGTCTGTTGTGTGACTCTGGTAACTAGAGATCCCTCAGACCCTTTTAGTCAGTGTGGAAAATCTCTAGCAGTGGCGCCCGAACAGGGACTTGAAAGCGAAAGTAAAGCCAGAGGAGATCTCTCGACGCAGGACTCGGCTTGCTGAGGTGCACACGGCAAGAGGCGAGGGGCGGCGACTGGTGAGTACGCCAAAAATTTTGACTAGCGGAGGCTAGAAGGAGAGAGATGGGTGCG
NL43-mal-loop-LRAID1-A46G,TAATACGACTCACTATAGGTCTCTCTGGTTAGACCAGATCTGAGCCTGGGAGCTCTCTGGCTGACTAGGGAACCCACTGCTTAAGCCTCAATAAAGCTTGCCTTGAGTGCTCAAAGTAGTGTTTACCCGTCTGTTGTGTGACTCTGGTAACTAGAGATCCCTCAGACCCTTTTAGTCAGTGTGGAAAATCTCTAGCAGTGGCGCCCGAACAGGGACTTGAAAGCGAAAGTAAAGCCAGAGGAGATCTCTCGACGCAGGACTCGGCTTGCTGAGGTGCACACGGCAAGAGGCGAGGGGCGGCGACTGGTGAGTACGCCAAAAATTTTGACTAGCGGAGGCTAGAAGGAGAGAGATGGGTAAG
NL43-mal-stem,TAATACGACTCACTATAGGTCTCTCTGGTTAGACCAGATCTGAGCCTGGGAGCTCTCTGGCTAACTAGGGAACCCACTGCTTAAGCCTCAATAAAGCTTGCCTTGAGTGCTCAAAGTAGTGTGTGCCCGTCTGTTGTGTGACTCTGGTAACTAGAGATCCCTCAGACCCTTTTAGTCAGTGTGGAAAATCTCTAGCAGTGGCGCCCGAACAGGGACTTGAAAGCGAAAGTAAAGCCAGAGGAGATCTCTCGACGCAGGACTCGGCTTGCTGAAGCGCGCACAGCAAGAGGCGAGGGGCGGCGACTGGTGAGTACGCCAAAAATTTTGACTAGCGGAGGCTAGAAGGAGAGAGATGGGTGCG
NL43-mal-stem-LRAID1-A46G,TAATACGACTCACTATAGGTCTCTCTGGTTAGACCAGATCTGAGCCTGGGAGCTCTCTGGCTGACTAGGGAACCCACTGCTTAAGCCTCAATAAAGCTTGCCTTGAGTGCTCAAAGTAGTGTTTACCCGTCTGTTGTGTGACTCTGGTAACTAGAGATCCCTCAGACCCTTTTAGTCAGTGTGGAAAATCTCTAGCAGTGGCGCCCGAACAGGGACTTGAAAGCGAAAGTAAAGCCAGAGGAGATCTCTCGACGCAGGACTCGGCTTGCTGAAGCGCGCACAGCAAGAGGCGAGGGGCGGCGACTGGTGAGTACGCCAAAAATTTTGACTAGCGGAGGCTAGAAGGAGAGAGATGGGTAAG
NL43-mal-flank (NL43-A256G),TAATACGACTCACTATAGGTCTCTCTGGTTAGACCAGATCTGAGCCTGGGAGCTCTCTGGCTAACTAGGGAACCCACTGCTTAAGCCTCAATAAAGCTTGCCTTGAGTGCTCAAAGTAGTGTGTGCCCGTCTGTTGTGTGACTCTGGTAACTAGAGATCCCTCAGACCCTTTTAGTCAGTGTGGAAAATCTCTAGCAGTGGCGCCCGAACAGGGACTTGAAAGCGAAAGTAAAGCCAGAGGAGATCTCTCGACGCAGGACTCGGCTTGCTGAGGCGCGCACGGCAAGAGGCGAGGGGCGGCGACTGGTGAGTACGCCAAAAATTTTGACTAGCGGAGGCTAGAAGGAGAGAGATGGGTGCG
NL43-mal-flank-LRAID1-A46G,TAATACGACTCACTATAGGTCTCTCTGGTTAGACCAGATCTGAGCCTGGGAGCTCTCTGGCTGACTAGGGAACCCACTGCTTAAGCCTCAATAAAGCTTGCCTTGAGTGCTCAAAGTAGTGTTTACCCGTCTGTTGTGTGACTCTGGTAACTAGAGATCCCTCAGACCCTTTTAGTCAGTGTGGAAAATCTCTAGCAGTGGCGCCCGAACAGGGACTTGAAAGCGAAAGTAAAGCCAGAGGAGATCTCTCGACGCAGGACTCGGCTTGCTGAGGCGCGCACGGCAAGAGGCGAGGGGCGGCGACTGGTGAGTACGCCAAAAATTTTGACTAGCGGAGGCTAGAAGGAGAGAGATGGGTAAG
NL43-mal-pal-bulge,TAATACGACTCACTATAGGTCTCTCTGGTTAGACCAGATCTGAGCCTGGGAGCTCTCTGGCTAACTAGGGAACCCACTGCTTAAGCCTCAATAAAGCTTGCCTTGAGTGCTCAAAGTAGTGTGTGCCCGTCTGTTGTGTGACTCTGGTAACTAGAGATCCCTCAGACCCTTTTAGTCAGTGTGGAAAATCTCTAGCAGTGGCGCCCGAACAGGGACTTGAAAGCGAAAGTAAAGCCAGAGGAGATCTCTCGACGCAGGACTCGGCTTGCTGAAGTGCACACGGCAAGAGGCGAGAGCGGCGACTGGTGAGTACGCCAAAAATTTTGACTAGCGGAGGCTAGAAGGAGAGAGATGGGTGCG
NL43-mal-pal-bulge-LRAID1-A46G,TAATACGACTCACTATAGGTCTCTCTGGTTAGACCAGATCTGAGCCTGGGAGCTCTCTGGCTGACTAGGGAACCCACTGCTTAAGCCTCAATAAAGCTTGCCTTGAGTGCTCAAAGTAGTGTTTACCCGTCTGTTGTGTGACTCTGGTAACTAGAGATCCCTCAGACCCTTTTAGTCAGTGTGGAAAATCTCTAGCAGTGGCGCCCGAACAGGGACTTGAAAGCGAAAGTAAAGCCAGAGGAGATCTCTCGACGCAGGACTCGGCTTGCTGAAGTGCACACGGCAAGAGGCGAGAGCGGCGACTGGTGAGTACGCCAAAAATTTTGACTAGCGGAGGCTAGAAGGAGAGAGATGGGTAAG
NL43-mal-pal-stem,TAATACGACTCACTATAGGTCTCTCTGGTTAGACCAGATCTGAGCCTGGGAGCTCTCTGGCTAACTAGGGAACCCACTGCTTAAGCCTCAATAAAGCTTGCCTTGAGTGCTCAAAGTAGTGTGTGCCCGTCTGTTGTGTGACTCTGGTAACTAGAGATCCCTCAGACCCTTTTAGTCAGTGTGGAAAATCTCTAGCAGTGGCGCCCGAACAGGGACTTGAAAGCGAAAGTAAAGCCAGAGGAGATCTCTCGACGCAGGACTCGGCTTGCTGAAGTGCACACAGCAAGAGGCGAGGGGCGGCGACTGGTGAGTACGCCAAAAATTTTGACTAGCGGAGGCTAGAAGGAGAGAGATGGGTGCG
NL43-mal-pal-stem-LRAID1-A46G,TAATACGACTCACTATAGGTCTCTCTGGTTAGACCAGATCTGAGCCTGGGAGCTCTCTGGCTGACTAGGGAACCCACTGCTTAAGCCTCAATAAAGCTTGCCTTGAGTGCTCAAAGTAGTGTTTACCCGTCTGTTGTGTGACTCTGGTAACTAGAGATCCCTCAGACCCTTTTAGTCAGTGTGGAAAATCTCTAGCAGTGGCGCCCGAACAGGGACTTGAAAGCGAAAGTAAAGCCAGAGGAGATCTCTCGACGCAGGACTCGGCTTGCTGAAGTGCACACAGCAAGAGGCGAGGGGCGGCGACTGGTGAGTACGCCAAAAATTTTGACTAGCGGAGGCTAGAAGGAGAGAGATGGGTAAG
NL43-mal-bulge-loop,TAATACGACTCACTATAGGTCTCTCTGGTTAGACCAGATCTGAGCCTGGGAGCTCTCTGGCTAACTAGGGAACCCACTGCTTAAGCCTCAATAAAGCTTGCCTTGAGTGCTCAAAGTAGTGTGTGCCCGTCTGTTGTGTGACTCTGGTAACTAGAGATCCCTCAGACCCTTTTAGTCAGTGTGGAAAATCTCTAGCAGTGGCGCCCGAACAGGGACTTGAAAGCGAAAGTAAAGCCAGAGGAGATCTCTCGACGCAGGACTCGGCTTGCTGAGGTGCACACGGCAAGAGGCGAGAGCGGCGACTGGTGAGTACGCCAAAAATTTTGACTAGCGGAGGCTAGAAGGAGAGAGATGGGTGCG
NL43-mal-bulge-loop-LRAID1-A46G,TAATACGACTCACTATAGGTCTCTCTGGTTAGACCAGATCTGAGCCTGGGAGCTCTCTGGCTGACTAGGGAACCCACTGCTTAAGCCTCAATAAAGCTTGCCTTGAGTGCTCAAAGTAGTGTTTACCCGTCTGTTGTGTGACTCTGGTAACTAGAGATCCCTCAGACCCTTTTAGTCAGTGTGGAAAATCTCTAGCAGTGGCGCCCGAACAGGGACTTGAAAGCGAAAGTAAAGCCAGAGGAGATCTCTCGACGCAGGACTCGGCTTGCTGAGGTGCACACGGCAAGAGGCGAGAGCGGCGACTGGTGAGTACGCCAAAAATTTTGACTAGCGGAGGCTAGAAGGAGAGAGATGGGTAAG
NL43-mal-bulge-stem,TAATACGACTCACTATAGGTCTCTCTGGTTAGACCAGATCTGAGCCTGGGAGCTCTCTGGCTAACTAGGGAACCCACTGCTTAAGCCTCAATAAAGCTTGCCTTGAGTGCTCAAAGTAGTGTGTGCCCGTCTGTTGTGTGACTCTGGTAACTAGAGATCCCTCAGACCCTTTTAGTCAGTGTGGAAAATCTCTAGCAGTGGCGCCCGAACAGGGACTTGAAAGCGAAAGTAAAGCCAGAGGAGATCTCTCGACGCAGGACTCGGCTTGCTGAAGCGCGCACAGCAAGAGGCGAGAGCGGCGACTGGTGAGTACGCCAAAAATTTTGACTAGCGGAGGCTAGAAGGAGAGAGATGGGTGCG
NL43-mal-bulge-stem-LRAID1-A46G,TAATACGACTCACTATAGGTCTCTCTGGTTAGACCAGATCTGAGCCTGGGAGCTCTCTGGCTGACTAGGGAACCCACTGCTTAAGCCTCAATAAAGCTTGCCTTGAGTGCTCAAAGTAGTGTTTACCCGTCTGTTGTGTGACTCTGGTAACTAGAGATCCCTCAGACCCTTTTAGTCAGTGTGGAAAATCTCTAGCAGTGGCGCCCGAACAGGGACTTGAAAGCGAAAGTAAAGCCAGAGGAGATCTCTCGACGCAGGACTCGGCTTGCTGAAGCGCGCACAGCAAGAGGCGAGAGCGGCGACTGGTGAGTACGCCAAAAATTTTGACTAGCGGAGGCTAGAAGGAGAGAGATGGGTAAG
NL43-mal-loop-stem,TAATACGACTCACTATAGGTCTCTCTGGTTAGACCAGATCTGAGCCTGGGAGCTCTCTGGCTAACTAGGGAACCCACTGCTTAAGCCTCAATAAAGCTTGCCTTGAGTGCTCAAAGTAGTGTGTGCCCGTCTGTTGTGTGACTCTGGTAACTAGAGATCCCTCAGACCCTTTTAGTCAGTGTGGAAAATCTCTAGCAGTGGCGCCCGAACAGGGACTTGAAAGCGAAAGTAAAGCCAGAGGAGATCTCTCGACGCAGGACTCGGCTTGCTGAGGTGCACACAGCAAGAGGCGAGGGGCGGCGACTGGTGAGTACGCCAAAAATTTTGACTAGCGGAGGCTAGAAGGAGAGAGATGGGTGCG
NL43-mal-loop-stem-LRAID1-A46G,TAATACGACTCACTATAGGTCTCTCTGGTTAGACCAGATCTGAGCCTGGGAGCTCTCTGGCTGACTAGGGAACCCACTGCTTAAGCCTCAATAAAGCTTGCCTTGAGTGCTCAAAGTAGTGTTTACCCGTCTGTTGTGTGACTCTGGTAACTAGAGATCCCTCAGACCCTTTTAGTCAGTGTGGAAAATCTCTAGCAGTGGCGCCCGAACAGGGACTTGAAAGCGAAAGTAAAGCCAGAGGAGATCTCTCGACGCAGGACTCGGCTTGCTGAGGTGCACACAGCAAGAGGCGAGGGGCGGCGACTGGTGAGTACGCCAAAAATTTTGACTAGCGGAGGCTAGAAGGAGAGAGATGGGTAAG
NL43-mal-DIS,TAATACGACTCACTATAGGTCTCTCTGGTTAGACCAGATCTGAGCCTGGGAGCTCTCTGGCTAACTAGGGAACCCACTGCTTAAGCCTCAATAAAGCTTGCCTTGAGTGCTCAAAGTAGTGTGTGCCCGTCTGTTGTGTGACTCTGGTAACTAGAGATCCCTCAGACCCTTTTAGTCAGTGTGGAAAATCTCTAGCAGTGGCGCCCGAACAGGGACTTGAAAGCGAAAGTAAAGCCAGAGGAGATCTCTCGACGCAGGACTCGGCTTGCTGAGGTGCACACAGCAAGAGGCGAGAGCGGCGACTGGTGAGTACGCCAAAAATTTTGACTAGCGGAGGCTAGAAGGAGAGAGATGGGTGCG
NL43-mal-DIS-LRAID1-A46G,TAATACGACTCACTATAGGTCTCTCTGGTTAGACCAGATCTGAGCCTGGGAGCTCTCTGGCTGACTAGGGAACCCACTGCTTAAGCCTCAATAAAGCTTGCCTTGAGTGCTCAAAGTAGTGTTTACCCGTCTGTTGTGTGACTCTGGTAACTAGAGATCCCTCAGACCCTTTTAGTCAGTGTGGAAAATCTCTAGCAGTGGCGCCCGAACAGGGACTTGAAAGCGAAAGTAAAGCCAGAGGAGATCTCTCGACGCAGGACTCGGCTTGCTGAGGTGCACACAGCAAGAGGCGAGAGCGGCGACTGGTGAGTACGCCAAAAATTTTGACTAGCGGAGGCTAGAAGGAGAGAGATGGGTAAG
NL43-mal-DIS-LRAID2-A46G,TAATACGACTCACTATAGGTCTCTCTGGTTAGACCAGATCTGAGCCTGGGAGCTCTCTGGCTGACTAGGGAACCCACTGCTTAAGCCTCAATAAAGCTTGCCTTGAGTGCTCAAAGTAGTGTGTGCTTATCTGTTGTGTGACTCTGGTAACTAGAGATCCCTCAGACCCTTTTAGTCAGTGTGGAAAATCTCTAGCAGTGGCGCCCGAACAGGGACTTGAAAGCGAAAGTAAAGCCAGAGGAGATCTCTCGACGCAGGACTCGGCTTGCTGAGGTGCACACAGCAAGAGGCGAGAGCGGCGACTGGTGAGTACGCCAAAAATTTTGACTAGCGGAGGCTAGAAGGAGAGAGATAAGTGCG
MAL-nl43-TAR,TAATACGACTCACTATAGGTCTCTCTGGTTAGACCAGATCTGAGCCTGGGAGCTCTCTGGCTAACTAGGGAACCCACTGCTTAAGCCTCAATAAAGCTTGCCTTGAGTGCCTCAAGCAGTGTGTGCCCATCTGTTGTGTGACTCTGGTAACTAGAGATCCCTCAGACCACTCTAGACGGTGTAAAAATCTCTAGCAGTGGCGCCCGAACAGGGACTTTAAAGTGAAAGTAACAGGGACTCGAAAGCGGAAGTTCCAGAGAAGTTCTCTCGACGCAGGACTCGGCTTGCTGAGGTGCACACAGCAAGAGGCGAGAGCGGCGACTGGTGAGTACGCCAATTTTTGACTAGCGGAGGCTAGAAGGAGAGAGATGGGTGCG
MAL-nl43-PolyA,TAATACGACTCACTATAGGTCTCTCTTGTTAGACCAGGTCGAGCCCGGGAGCTCTCTGGCTAGCAAGGAACCCACTGCTTAAGCCTCAATAAAGCTTGCCTTGAGTGCTCAAAGTAGTGTGTGCCCATCTGTTGTGTGACTCTGGTAACTAGAGATCCCTCAGACCACTCTAGACGGTGTAAAAATCTCTAGCAGTGGCGCCCGAACAGGGACTTTAAAGTGAAAGTAACAGGGACTCGAAAGCGGAAGTTCCAGAGAAGTTCTCTCGACGCAGGACTCGGCTTGCTGAGGTGCACACAGCAAGAGGCGAGAGCGGCGACTGGTGAGTACGCCAATTTTTGACTAGCGGAGGCTAGAAGGAGAGAGATGGGTGCG
MAL-nl43-U5,TAATACGACTCACTATAGGTCTCTCTTGTTAGACCAGGTCGAGCCCGGGAGCTCTCTGGCTAGCAAGGAACCCACTGCTTAAGCCTCAATAAAGCTTGCCTTGAGTGCCTCAAGCAGTGTGTGCCCGTCTGTTGTGTGACTCTGGTAACTAGAGATCCCTCAGACCACTCTAGACGGTGTAAAAATCTCTAGCAGTGGCGCCCGAACAGGGACTTTAAAGTGAAAGTAACAGGGACTCGAAAGCGGAAGTTCCAGAGAAGTTCTCTCGACGCAGGACTCGGCTTGCTGAGGTGCACACAGCAAGAGGCGAGAGCGGCGACTGGTGAGTACGCCAATTTTTGACTAGCGGAGGCTAGAAGGAGAGAGATGGGTGCG
MAL-nl43-PBS,TAATACGACTCACTATAGGTCTCTCTTGTTAGACCAGGTCGAGCCCGGGAGCTCTCTGGCTAGCAAGGAACCCACTGCTTAAGCCTCAATAAAGCTTGCCTTGAGTGCCTCAAGCAGTGTGTGCCCATCTGTTGTGTGACTCTGGTAACTAGAGATCCCTCAGACCCTTTTAGTCAGTGTGGAAAATCTCTAGCAGTGGCGCCCGAACAGGGACTTGAAAGCGAAAGTAAAGCCAGAGGAGATCTCTCGACGCAGGACTCGGCTTGCTGAGGTGCACACAGCAAGAGGCGAGAGCGGCGACTGGTGAGTACGCCAATTTTTGACTAGCGGAGGCTAGAAGGAGAGAGATGGGTGCG
MAL-nl43-Psi,TAATACGACTCACTATAGGTCTCTCTTGTTAGACCAGGTCGAGCCCGGGAGCTCTCTGGCTAGCAAGGAACCCACTGCTTAAGCCTCAATAAAGCTTGCCTTGAGTGCCTCAAGCAGTGTGTGCCCATCTGTTGTGTGACTCTGGTAACTAGAGATCCCTCAGACCACTCTAGACGGTGTAAAAATCTCTAGCAGTGGCGCCCGAACAGGGACTTTAAAGTGAAAGTAACAGGGACTCGAAAGCGGAAGTTCCAGAGAAGTTCTCTCGACGCAGGACTCGGCTTGCTGAGGTGCACACAGCAAGAGGCGAGAGCGGCGACTGGTGAGTACGCCAAAAATTTTGACTAGCGGAGGCTAGAAGGAGAGAGATGGGTGCG
NL43-mal-TAR,TAATACGACTCACTATAGGTCTCTCTTGTTAGACCAGGTCGAGCCCGGGAGCTCTCTGGCTAGCAAGGAACCCACTGCTTAAGCCTCAATAAAGCTTGCCTTGAGTGCTCAAAGTAGTGTGTGCCCGTCTGTTGTGTGACTCTGGTAACTAGAGATCCCTCAGACCCTTTTAGTCAGTGTGGAAAATCTCTAGCAGTGGCGCCCGAACAGGGACTTGAAAGCGAAAGTAAAGCCAGAGGAGATCTCTCGACGCAGGACTCGGCTTGCTGAAGCGCGCACGGCAAGAGGCGAGGGGCGGCGACTGGTGAGTACGCCAAAAATTTTGACTAGCGGAGGCTAGAAGGAGAGAGATGGGTGCG
NL43-mal-PolyA,TAATACGACTCACTATAGGTCTCTCTGGTTAGACCAGATCTGAGCCTGGGAGCTCTCTGGCTAACTAGGGAACCCACTGCTTAAGCCTCAATAAAGCTTGCCTTGAGTGCCTCAAGCAGTGTGTGCCCGTCTGTTGTGTGACTCTGGTAACTAGAGATCCCTCAGACCCTTTTAGTCAGTGTGGAAAATCTCTAGCAGTGGCGCCCGAACAGGGACTTGAAAGCGAAAGTAAAGCCAGAGGAGATCTCTCGACGCAGGACTCGGCTTGCTGAAGCGCGCACGGCAAGAGGCGAGGGGCGGCGACTGGTGAGTACGCCAAAAATTTTGACTAGCGGAGGCTAGAAGGAGAGAGATGGGTGCG
NL43-mal-U5,TAATACGACTCACTATAGGTCTCTCTGGTTAGACCAGATCTGAGCCTGGGAGCTCTCTGGCTAACTAGGGAACCCACTGCTTAAGCCTCAATAAAGCTTGCCTTGAGTGCTCAAAGTAGTGTGTGCCCATCTGTTGTGTGACTCTGGTAACTAGAGATCCCTCAGACCCTTTTAGTCAGTGTGGAAAATCTCTAGCAGTGGCGCCCGAACAGGGACTTGAAAGCGAAAGTAAAGCCAGAGGAGATCTCTCGACGCAGGACTCGGCTTGCTGAAGCGCGCACGGCAAGAGGCGAGGGGCGGCGACTGGTGAGTACGCCAAAAATTTTGACTAGCGGAGGCTAGAAGGAGAGAGATGGGTGCG
NL43-mal-PBS,TAATACGACTCACTATAGGTCTCTCTGGTTAGACCAGATCTGAGCCTGGGAGCTCTCTGGCTAACTAGGGAACCCACTGCTTAAGCCTCAATAAAGCTTGCCTTGAGTGCTCAAAGTAGTGTGTGCCCGTCTGTTGTGTGACTCTGGTAACTAGAGATCCCTCAGACCACTCTAGACGGTGTAAAAATCTCTAGCAGTGGCGCCCGAACAGGGACTTTAAAGTGAAAGTAACAGGGACTCGAAAGCGGAAGTTCCAGAGAAGTTCTCTCGACGCAGGACTCGGCTTGCTGAAGCGCGCACGGCAAGAGGCGAGGGGCGGCGACTGGTGAGTACGCCAAAAATTTTGACTAGCGGAGGCTAGAAGGAGAGAGATGGGTGCG
NL43-mal-Psi,TAATACGACTCACTATAGGTCTCTCTGGTTAGACCAGATCTGAGCCTGGGAGCTCTCTGGCTAACTAGGGAACCCACTGCTTAAGCCTCAATAAAGCTTGCCTTGAGTGCTCAAAGTAGTGTGTGCCCGTCTGTTGTGTGACTCTGGTAACTAGAGATCCCTCAGACCCTTTTAGTCAGTGTGGAAAATCTCTAGCAGTGGCGCCCGAACAGGGACTTGAAAGCGAAAGTAAAGCCAGAGGAGATCTCTCGACGCAGGACTCGGCTTGCTGAAGCGCGCACGGCAAGAGGCGAGGGGCGGCGACTGGTGAGTACGCCAATTTTTGACTAGCGGAGGCTAGAAGGAGAGAGATGGGTGCG
MAL-CESd,TAATACGACTCACTATAGGTGCCCATCTGTTGTGTGACTCTGGGAGACCAGAGAAGTTCTCTCGACGCAGGACTCGGCTTGCTGAGGTGCACACAGCAAGAGGCGAGAGCGGCGACTGGTGAGTACGCCAATTTTTGACTAGCGGAGGCTAGAAGGAGAGAGATGGGTGCC
MAL-CESd-nl43-DIS,TAATACGACTCACTATAGGTGCCCATCTGTTGTGTGACTCTGGGAGACCAGAGAAGTTCTCTCGACGCAGGACTCGGCTTGCTGAAGCGCGCACGGCAAGAGGCGAGGGGCGGCGACTGGTGAGTACGCCAATTTTTGACTAGCGGAGGCTAGAAGGAGAGAGATGGGTGCC
MAL-CESd-nl43-loop,TAATACGACTCACTATAGGTGCCCATCTGTTGTGTGACTCTGGGAGACCAGAGAAGTTCTCTCGACGCAGGACTCGGCTTGCTGAAGCGCGCACAGCAAGAGGCGAGAGCGGCGACTGGTGAGTACGCCAATTTTTGACTAGCGGAGGCTAGAAGGAGAGAGATGGGTGCC
MAL-CESd-nl43-pal,TAATACGACTCACTATAGGTGCCCATCTGTTGTGTGACTCTGGGAGACCAGAGAAGTTCTCTCGACGCAGGACTCGGCTTGCTGAGGCGCGCACAGCAAGAGGCGAGAGCGGCGACTGGTGAGTACGCCAATTTTTGACTAGCGGAGGCTAGAAGGAGAGAGATGGGTGCC
MAL-CESd-nl43-flank,TAATACGACTCACTATAGGTGCCCATCTGTTGTGTGACTCTGGGAGACCAGAGAAGTTCTCTCGACGCAGGACTCGGCTTGCTGAAGTGCACACAGCAAGAGGCGAGAGCGGCGACTGGTGAGTACGCCAATTTTTGACTAGCGGAGGCTAGAAGGAGAGAGATGGGTGCC 
MAL-CESd-nl43-stem,TAATACGACTCACTATAGGTGCCCATCTGTTGTGTGACTCTGGGAGACCAGAGAAGTTCTCTCGACGCAGGACTCGGCTTGCTGAGGTGCACACGGCAAGAGGCGAGAGCGGCGACTGGTGAGTACGCCAATTTTTGACTAGCGGAGGCTAGAAGGAGAGAGATGGGTGCC
MAL-CESd-nl43-bulge,TAATACGACTCACTATAGGTGCCCATCTGTTGTGTGACTCTGGGAGACCAGAGAAGTTCTCTCGACGCAGGACTCGGCTTGCTGAGGTGCACACAGCAAGAGGCGAGGGGCGGCGACTGGTGAGTACGCCAATTTTTGACTAGCGGAGGCTAGAAGGAGAGAGATGGGTGCC
MAL-CESm,TAATACGACTCACTATAGGTGCCCATCTGTTGTGTGACTCTGGGAGACCAGAGAAGTTCTCTCGACGCAGGACTCGGCTTGCTGGAGACAGCAAGAGGCGAGAGCGGCGACTGGTGAGTACGCCAATTTTTGACTAGCGGAGGCTAGAAGGAGAGAGATGGGTGCC
NL43-CESd,TAATACGACTCACTATAGGTGCCCGTCTGTTGTGTGACTCTGGTGAGAGCCAGAGGAGATCTCTCGACGCAGGACTCGGCTTGCTGAAGCGCGCACGGCAAGAGGCGAGGGGCGGCGACTGGTGAGTACGCCAAAAATTTTGACTAGCGGAGGCTAGAAGGAGAGAGATGGGTGCC
NL43-CESd-mal-DIS,TAATACGACTCACTATAGGTGCCCGTCTGTTGTGTGACTCTGGTGAGAGCCAGAGGAGATCTCTCGACGCAGGACTCGGCTTGCTGAGGTGCACACAGCAAGAGGCGAGAGCGGCGACTGGTGAGTACGCCAAAAATTTTGACTAGCGGAGGCTAGAAGGAGAGAGATGGGTGCC
NL43-CESd-mal-loop,TAATACGACTCACTATAGGTGCCCGTCTGTTGTGTGACTCTGGTGAGAGCCAGAGGAGATCTCTCGACGCAGGACTCGGCTTGCTGAGGTGCACACGGCAAGAGGCGAGGGGCGGCGACTGGTGAGTACGCCAAAAATTTTGACTAGCGGAGGCTAGAAGGAGAGAGATGGGTGCC
NL43-CESd-mal-pal,TAATACGACTCACTATAGGTGCCCGTCTGTTGTGTGACTCTGGTGAGAGCCAGAGGAGATCTCTCGACGCAGGACTCGGCTTGCTGAAGTGCACACGGCAAGAGGCGAGGGGCGGCGACTGGTGAGTACGCCAAAAATTTTGACTAGCGGAGGCTAGAAGGAGAGAGATGGGTGCC
NL43-CESd-mal-flank,TAATACGACTCACTATAGGTGCCCGTCTGTTGTGTGACTCTGGTGAGAGCCAGAGGAGATCTCTCGACGCAGGACTCGGCTTGCTGAGGCGCGCACGGCAAGAGGCGAGGGGCGGCGACTGGTGAGTACGCCAAAAATTTTGACTAGCGGAGGCTAGAAGGAGAGAGATGGGTGCC
NL43-CESd-mal-stem,TAATACGACTCACTATAGGTGCCCGTCTGTTGTGTGACTCTGGTGAGAGCCAGAGGAGATCTCTCGACGCAGGACTCGGCTTGCTGAAGCGCGCACAGCAAGAGGCGAGGGGCGGCGACTGGTGAGTACGCCAAAAATTTTGACTAGCGGAGGCTAGAAGGAGAGAGATGGGTGCC
NL43-CESd-mal-bulge,TAATACGACTCACTATAGGTGCCCGTCTGTTGTGTGACTCTGGTGAGAGCCAGAGGAGATCTCTCGACGCAGGACTCGGCTTGCTGAAGCGCGCACGGCAAGAGGCGAGAGCGGCGACTGGTGAGTACGCCAAAAATTTTGACTAGCGGAGGCTAGAAGGAGAGAGATGGGTGCC
NL43-CESm,TAATACGACTCACTATAGGTGCCCGTCTGTTGTGTGACTCTGGTGAGAGCCAGAGGAGATCTCTCGACGCAGGACTCGGCTTGCTGGAGACGGCAAGAGGCGAGGGGCGGCGACTGGTGAGTACGCCAAAAATTTTGACTAGCGGAGGCTAGAAGGAGAGAGATGGGTGCC
MAL-2G-T-445,TAATACGACTCACTATAGGTCTCTCTTGTTAGACCAGGTCGAGCCCGGGAGCTCTCTGGCTAGCAAGGAACCCACTGCTTAAGCCTCAATAAAGCTTGCCTTGAGTGCCTCAAGCAGTGTGTGCCCATCTGTTGTGTGACTCTGGTAACTAGAGATCCCTCAGACCACTCTAGACGGTGTAAAAATCTCTAGCAGTGGCGCCCGAACAGGGACTTTAAAGTGAAAGTAACAGGGACTCGAAAGCGGAAGTTCCAGAGAAGTTCTCTCGACGCAGGACTCGGCTTGCTGAGGTGCACACAGCAAGAGGCGAGAGCGGCGACTGGTGAGTACGCCAATTTTTGACTAGCGGAGGCTAGAAGGAGAGAGATGGGTGCGAGAGCGTCAGTATTAAGCGGGGGAAAATTAGATGCATGGGAGAAAATTCGGTTAAGGCCAGGGGGAAAGAAAAAATATAGACTGAA
NL43-2G-T-454 (L454),TAATACGACTCACTATAGGTCTCTCTGGTTAGACCAGATCTGAGCCTGGGAGCTCTCTGGCTAACTAGGGAACCCACTGCTTAAGCCTCAATAAAGCTTGCCTTGAGTGCTCAAAGTAGTGTGTGCCCGTCTGTTGTGTGACTCTGGTAACTAGAGATCCCTCAGACCCTTTTAGTCAGTGTGGAAAATCTCTAGCAGTGGCGCCCGAACAGGGACTTGAAAGCGAAAGTAAAGCCAGAGGAGATCTCTCGACGCAGGACTCGGCTTGCTGAAGCGCGCACGGCAAGAGGCGAGGGGCGGCGACTGGTGAGTACGCCAAAAATTTTGACTAGCGGAGGCTAGAAGGAGAGAGATGGGTGCGAGAGCGTCGGTATTAAGCGGGGGAGAATTAGATAAATGGGAAAAAATTCGGTTAAGGCCAGGGGGAAAGAAACAATATAAACTAAAACATATAGTATGGGCAAGCAGGG
NL43-DIS-Full,TAATACGACTCACTATAGGCAGGACTCGGCTTGCTGAAGCGCGCACGGCAAGAGGCGAGGGGCC
MAL-DIS-Full,TAATACGACTCACTATAGGCAGGACTCGGCTTGCTGAGGTGCACACAGCAAGAGGCGAGAGCC
Psi SL3,TAATACGACTCACTATAGGACTAGCGGAGGCTAGTCC
TRX-19,TAATACGACTCACTATAGACAATAAAACATTAATGCTAG
TRX-50,TAATACGACTCACTATAGGCTATTTAAAACTTGTAATTTTTTTAATTTACAAAAATATAAAATATGAAGACATA
FSADK-dMSD_2G-TSL4N,TAATACGACTCACTATAGGTCTCTTTGGTTAGACCAGATCAGAGCCTGGGAGCTCTCTGGCCAACTAGAGGACCCACTGCTTAAGCCTCAATAAAGCTTGCCTTGAGTGCTTCAAGTAGTGTGTGCCCGTCTGTTGTGTGACTCTGGTAACTAGAGATCCCTCAGACTTTGTTAGTTAGTGTGGAAAAATCTCTAGCAGTGGCGCCCGAACAGGGACTTGAAAGTGAAAGTAGAACCAGAGGAGCTCTCTCGACGCAGGACTCGGCTTGCTGAGCGCGCACGGCAAGAGTACGCCATAAAATTTTGACTAGCGGAGGCTAGAAGGAGAGAGATGGGTGCGAGAGCGTCAGTA
FSADK-dMSD_3G-TSL4N,TAATACGACTCACTATAGGGTCTCTTTGGTTAGACCAGATCAGAGCCTGGGAGCTCTCTGGCCAACTAGAGGACCCACTGCTTAAGCCTCAATAAAGCTTGCCTTGAGTGCTTCAAGTAGTGTGTGCCCGTCTGTTGTGTGACTCTGGTAACTAGAGATCCCTCAGACTTTGTTAGTTAGTGTGGAAAAATCTCTAGCAGTGGCGCCCGAACAGGGACTTGAAAGTGAAAGTAGAACCAGAGGAGCTCTCTCGACGCAGGACTCGGCTTGCTGAGCGCGCACGGCAAGAGTACGCCATAAAATTTTGACTAGCGGAGGCTAGAAGGAGAGAGATGGGTGCGAGAGCGTCAGTA
FSADK-dMSD_4G-TSL4N,TAATACGACTCACTATAGGGGTCTCTTTGGTTAGACCAGATCAGAGCCTGGGAGCTCTCTGGCCAACTAGAGGACCCACTGCTTAAGCCTCAATAAAGCTTGCCTTGAGTGCTTCAAGTAGTGTGTGCCCGTCTGTTGTGTGACTCTGGTAACTAGAGATCCCTCAGACTTTGTTAGTTAGTGTGGAAAAATCTCTAGCAGTGGCGCCCGAACAGGGACTTGAAAGTGAAAGTAGAACCAGAGGAGCTCTCTCGACGCAGGACTCGGCTTGCTGAGCGCGCACGGCAAGAGTACGCCATAAAATTTTGACTAGCGGAGGCTAGAAGGAGAGAGATGGGTGCGAGAGCGTCAGTA
NL43-J8_2G-TSL4-344,TAATACGACTCACTATAGGTCTCTCTGGTTAGACCAGATCTGAGCCTGGGAGCTCTCTGGCTAACTAGGGAACCCACTGCTTAAGCCTCAATAAAGCTTGCCTTGAGTGCTCAAAGTAGTGTGTGCCCGTCTGTTGTGTGACTCTGGTAACTAGAGATCCCTCAGACCCTTTTAGTCAGTGTGGAAAATCTCTAGCAGTGGCGCCCGAACAGGGACTTGAAAGCGAAAGTAAAGCCAGAGGAGATCTCTCGACGCACCCCTCGGCTTGCTGAAGCGCGCACGGCAAGAGGCGAGGGGCGGCGACTGGTGAGTACGCCAAAAATTTTGACTAGCGGAGGCTAGAAGGAGAGAGATGGGTGCG
NL43-J8F_2G-TSL4-344,TAATACGACTCACTATAGGTCTCTCTGGTTAGACCAGATCTGAGCCTGGGAGCTCTCTGGCTAACTAGGGAACCCACTGCTTAAGCCTCAATAAAGCTTGCCTTGAGTGCTCAAAGTAGTGTGTGCCCGTCTGTTGTGTGACTCTGGTAACTAGAGATCCCTCAGACCCTTTTAGTCAGTGTGGAAAATCTCTAGCAGTGGCGCCCGAACAGGGACTTGAAAGCGAAAGTAAAGCCAGAGGAGATCTCTCGACGCATTCCTCGGCTTGCTGAAGCGCGCACGGCAAGAGGCGAGGGGCGGCGACTGGTGAGTACGCCAAAAATTTTGACTAGCGGAGGCTAGAAGGAGAGAGATGGGTGCG
NL43-2G-HU2A,TAATACGACTCACTATAGGTCTCTCTGGTTAGACCAGATCTGAGCCTGGGAGCTCTCTGGCTAACTAGGGAACCCACTGCTTAAGCCTCAATAAAGCTTGCCTTGAGTGCTCAAAGTAGTGTGTGCCCGTCTGTTGTGTGACTCTGGTAACTAGAGATCCCTCAGACCCTTTTAGTCAGTGTGGAAAATCTCTAGCAGTGGCGCCCGAACAGGGACTTGAAAGCGAAAGTAAAGCCAGAGGAGATCTCTCGACGCATTCCTCGGCTTGCTGAAGCGCGCACGGCAAGAGGCGAGGGGCGGCGACTGGTGAGTACGCCAAAAATTTTGACTAGCGGAGGCTAGAAGGAGAGAGATGGGTGCG
NL43-2G-HU2B,TAATACGACTCACTATAGGTCTCTCTGGTTAGACCAGATCTGAGCCTGGGAGCTCTCTGGCTAACTAGGGAACCCACTGCTTAAGCCTCAATAAAGCTTGCCTTGAGTGCTCAAAGTAGTGTGTGCCCGTCTGTTGTGTGACTCTGGTAACTAGAGATCCCTCAGACCCTTTTAGTCAGTGTGGAAAATCTCTAGCAGTGGCGCCCGAACAGGGACTTGAAAGCGAAAGTAAAGCCAGAGGAGATCTCTCGACGCATTCCTCGGCTTGCTGAAGCGCGCACGGCAAGAGGCGAGGGGCGGCGACTGGTGAGTACGCCAAAAATTTTGACTAGCGGAGGCTAGAAGGAGAGAGATGGGTGCG
NL43-HDV(wt)-2G-T-454,TAATACGACTCACTATAGGCCCTCGAGAGAGGGCCAGGGCGGCATGGTCCCAGCCTCCTCGCTGGCGCCGCCTGGGCAACATGCTTCGGCATGGCGAATGGGACCAAATGGTCTCTCTGGTTAGACCAGATCTGAGCCTGGGAGCTCTCTGGCTAACTAGGGAACCCACTGCTTAAGCCTCAATAAAGCTTGCCTTGAGTGCTCAAAGTAGTGTGTGCCCGTCTGTTGTGTGACTCTGGTAACTAGAGATCCCTCAGACCCTTTTAGTCAGTGTGGAAAATCTCTAGCAGTGGCGCCCGAACAGGGACTTGAAAGCGAAAGTAAAGCCAGAGGAGATCTCTCGACGCAGGACTCGGCTTGCTGAAGCGCGCACGGCAAGAGGCGAGGGGCGGCGACTGGTGAGTACGCCAAAAATTTTGACTAGCGGAGGCTAGAAGGAGAGAGATGGGTGCGAGAGCGTCGGTATTAAGCGGGGGAGAATTAGATAAATGGGAAAAAATTCGGTTAAGGCCAGGGGGAAAGAAACAATATAAACTAAAACATATAGTATGGGCAAGCAGGG
Cy3-CESm-Cy5-F,TAATACGACTCACTATAGGAGCTGGTGGCGTCAGGGGTGCCCATCTGTTGTGTGACTCTGGGAGACCAGAGAAGTTCTCTCGACGCAGGACTCGGCTTGCTGGAGACAGCAAGAGGCGAGAGCGGCGACTGGTGAGTACGCCAATTTTTGACTAGCGGAGGCTAGAAGGAGAGAGATGGGTGCCGGCTGCATGATGCGTGCT
Cy3-CESm-Cy5-Q,TAATACGACTCACTATAGGAGCTGGTGGCGTCAGGGTGCCCATCTGTTGTGTGACTCTGGGAGACCAGAGAAGTTCTCTCGACGCAGGACTCGGCTTGCTGGAGACAGCAAGAGGCGAGAGCGGCGACTGGTGAGTACGCCAATTTTTGACTAGCGGAGGCTAGAAGGAGAGAGATGGGTGCCTCGTGCGTAGTACGTCGG
Cy3-CESd,TAATACGACTCACTATAGGAGCTGGTGGCGTCAGGGGTGCCCATCTGTTGTGTGACTCTGGGAGACCAGAGAAGTTCTCTCGACGCAGGACTCGGCTTGCTGAGGTGCACACAGCAAGAGGCGAGAGCGGCGACTGGTGAGTACGCCAATTTTTGACTAGCGGAGGCTAGAAGGAGAGAGATGGGTGCC
CESd-Cy5-F,TAATACGACTCACTATAGGTGCCCATCTGTTGTGTGACTCTGGGAGACCAGAGAAGTTCTCTCGACGCAGGACTCGGCTTGCTGAGGTGCACACAGCAAGAGGCGAGAGCGGCGACTGGTGAGTACGCCAATTTTTGACTAGCGGAGGCTAGAAGGAGAGAGATGGGTGCCGGCTGCATGATGCGTGCT
01_AE.U51188_2G-TSL4N,TAATACGACTCACTATAGGTCTCTCTTGTTAGACCAGGTCGAGCCCGGGAGCTCTCTGGCTAGCAGGGGAACCCACTGCTTAAAGCCTCAATAAAGCTTGCCTTGAGTGCTTAAAGTGGTGTGTGCCCGTCTGTGTTAGGACTCTGGTAACTAGAGATCCCTCAGACCACTCTAGACTGAGTAAAAATCTCTAGCAGTGGCGCCCGAACAGGGACTTGAAAGCGAAAGTTAATAGGGACTCGAAAGCGAAAGTTCCAGAGAAGTTCTCTCGACGCAGGACTCGGCTTGCTGAGGTGCACACAGCAAGAGGCGAGAGCGGCGACTGGTGAGTACGCCAAAAATTTTGACTAGCGGAGGCTAGAAGGAGAGAGATGGGTGCGAGAGCGTCA
02_AG.AB286862_2G-TSL4N,TAATACGACTCACTATAGGTCTCTTTTGCTAGACCAGATTTGAGCCCGGGAGCTCTCTGACTAGCAGAAGAACCCACTGCTTAAGCCTCAATAAAGCTTGCCTTGAGTGCTTCAAGTAGTGTGTGCCCGTCTGTTGTGTGACTCTGGTAACTAGAGATCCCTCAGACCACTTTCAGTTTGTGTAAAAATCTCTAGCAGTGGCGCCCGAACAGGGACCGGAAGTTAATAGGGACTCGAAAGCGAAAGTTCCAGAGAAGCTCTCTCGACGCAGGGACTCGGCTTGCTGAGGTGCACACAGCAAGAGGCGAGAGCGGCGACTGGTGAGTACGCCAATTTTGACTAGCGGAGGCTAGAAGGAGAGAGATGGGTGCGAGAGCGTCAGT
A2.MH705163_2G-TSL4N,TAATACGACTCACTATAGGTCTCTCTTGTTGGACCAGATAGAGCCTGGGAGCTCTCTGGCTAGCAAGAGAACCCACTGCTTAAGCCTCAATAAAGCTTGCCTTGAGTGCTTCAAGTAGTGTGTGCCCGTCTGTTGTGTGACTCTGGTAACTAGAGATCCCTCAGACCACGCTAGGCGGTGTAAAAATCTCTAGCAGTGGCGCCCGAACAGGGACTTGAAAGCGAAAGTTCCAGAGAAGTTCTCTCGACGCAGGACTCGGCTTGCTGAAGTGCACAAGGCAAGAGGCGAGGAGCGGCGACTGGTGAGTACGCCTAAAATTTTTTGACTAGCGGAGGCTAGAAGGAGAGAGATGGGTGCGAGAGCGTCAGTA
B.K03455_2G-TSL4N,TAATACGACTCACTATAGGTCTCTCTGGTTAGACCAGATCTGAGCCTGGGAGCTCTCTGGCTAACTAGGGAACCCACTGCTTAAGCCTCAATAAAGCTTGCCTTGAGTGCTTCAAGTAGTGTGTGCCCGTCTGTTGTGTGACTCTGGTAACTAGAGATCCCTCAGACCCTTTTAGTCAGTGTGGAAAATCTCTAGCAGTGGCGCCCGAACAGGGACCTGAAAGCGAAAGGGAAACCAGAGGAGCTCTCTCGACGCAGGACTCGGCTTGCTGAAGCGCGCACGGCAAGAGGCGAGGGGCGGCGACTGGTGAGTACGCCAAAAATTTTGACTAGCGGAGGCTAGAAGGAGAGAGATGGGTGCGAGAGCGTCAGTA
C.KC156211_2G-TSL4N,TAATACGACTCACTATAGGTCTCTCTAGGTAGACCAGATCTGAGCCTGAGAGCTCTCTGGCTATCTGGGGAACCCACTGCTTAAGCCTCAATAAAGCTTGCCTTGAGTGCTCTAAGTAGTGTGTGCCCGTCTGTTGTGTGACTCTGGTAACTAGAGATCCCTCAGACCATTTTGGTAGTGTGGAAAATCTCTAGCAGTGGCGCCCGAACAGGGACCAGAAAGCGAAAGTAGAACCAGAGGAGATCTCTCGACGCAGGACTCGGCTTGCTGAAGTGCACTCGGCAAGAGGCGAGAGCGGCGGCTGGTGAGTACGCCAAATTTTATTTGACTAGCGGAGGCTAGAAGGAGAGAGATGGGTGCGAGAGCGTCA
F1.AB485658_2G-TSL4N,TAATACGACTCACTATAGGTCTCTCTAGTTAGACCAGATTTGAGCCTGGGAGCTCTCTGGCTAGCTAGGGAACCCACTGCTTAAGCCTCAATAAAGCTTGCCTTGAGTGCTTCAAGTAGTGTGTGCCCGTCTGTTGTTTGACTCTGGTAACTAGAGATCCCTCAGACCATTTTAGTCAGTGTGGAAAATCTCTAGCAGTGGCGCCCGAACAGGGACTTGAAAGCGAAAGTAGAACCAGAGAAGATCTCTCGACGCAGGACTCGGCTTGCTGAAGTGCACACGGCAAGAGGCGAGAGCGGCGACTGGTGAGTACGCCAATTTTTGACTAGCGGAGGCTAGAAGGAGAGGATGGGTGCGAGAGCGTCAGTA
F2.MH705144_2G-TSL4N,TAATACGACTCACTATAGGTCTCTCTGGTTAGACCAGGTCTGAGCCTGGGAGCTCTCTGGCTAGCTAGGGAACCCACTGCTTAAGCCTCAATAAAGCTTGCCTTGAGTGCTTTAAGTAGTGTGTGCCCGTCTGTTGTGTGACTCTGGTAACTAGAGATCCCTCAGACCATTTTAGTCAGTGTGGAAAATCTCTAGCAGTGGCGCCCGAACAGGGACCTGAAAGCGAAAGTAGAACCAGAGGAGATCTCTCGACGCAGGACTCGGCTTGCTGAAGTGCACACAGCAAGAGGCGAGAGCGGCGACTGGTGAGTACGCCGAAAAATTTTTGACTAGCGGAGGCTAGAAGGAGAGAGATGGGTGCGAGAGCGTCAGTA
01_AE.U51188_3G-TSL4N,TAATACGACTCACTATAGGGTCTCTCTTGTTAGACCAGGTCGAGCCCGGGAGCTCTCTGGCTAGCAGGGGAACCCACTGCTTAAAGCCTCAATAAAGCTTGCCTTGAGTGCTTAAAGTGGTGTGTGCCCGTCTGTGTTAGGACTCTGGTAACTAGAGATCCCTCAGACCACTCTAGACTGAGTAAAAATCTCTAGCAGTGGCGCCCGAACAGGGACTTGAAAGCGAAAGTTAATAGGGACTCGAAAGCGAAAGTTCCAGAGAAGTTCTCTCGACGCAGGACTCGGCTTGCTGAGGTGCACACAGCAAGAGGCGAGAGCGGCGACTGGTGAGTACGCCAAAAATTTTGACTAGCGGAGGCTAGAAGGAGAGAGATGGGTGCGAGAGCGTCA
02_AG.AB286862_3G-TSL4N,TAATACGACTCACTATAGGGTCTCTTTTGCTAGACCAGATTTGAGCCCGGGAGCTCTCTGACTAGCAGAAGAACCCACTGCTTAAGCCTCAATAAAGCTTGCCTTGAGTGCTTCAAGTAGTGTGTGCCCGTCTGTTGTGTGACTCTGGTAACTAGAGATCCCTCAGACCACTTTCAGTTTGTGTAAAAATCTCTAGCAGTGGCGCCCGAACAGGGACCGGAAGTTAATAGGGACTCGAAAGCGAAAGTTCCAGAGAAGCTCTCTCGACGCAGGGACTCGGCTTGCTGAGGTGCACACAGCAAGAGGCGAGAGCGGCGACTGGTGAGTACGCCAATTTTGACTAGCGGAGGCTAGAAGGAGAGAGATGGGTGCGAGAGCGTCAGT
A2.MH705163_3G-TSL4N,TAATACGACTCACTATAGGGTCTCTCTTGTTGGACCAGATAGAGCCTGGGAGCTCTCTGGCTAGCAAGAGAACCCACTGCTTAAGCCTCAATAAAGCTTGCCTTGAGTGCTTCAAGTAGTGTGTGCCCGTCTGTTGTGTGACTCTGGTAACTAGAGATCCCTCAGACCACGCTAGGCGGTGTAAAAATCTCTAGCAGTGGCGCCCGAACAGGGACTTGAAAGCGAAAGTTCCAGAGAAGTTCTCTCGACGCAGGACTCGGCTTGCTGAAGTGCACAAGGCAAGAGGCGAGGAGCGGCGACTGGTGAGTACGCCTAAAATTTTTTGACTAGCGGAGGCTAGAAGGAGAGAGATGGGTGCGAGAGCGTCAGTA
B.K03455_3G-TSL4N,TAATACGACTCACTATAGGGTCTCTCTGGTTAGACCAGATCTGAGCCTGGGAGCTCTCTGGCTAACTAGGGAACCCACTGCTTAAGCCTCAATAAAGCTTGCCTTGAGTGCTTCAAGTAGTGTGTGCCCGTCTGTTGTGTGACTCTGGTAACTAGAGATCCCTCAGACCCTTTTAGTCAGTGTGGAAAATCTCTAGCAGTGGCGCCCGAACAGGGACCTGAAAGCGAAAGGGAAACCAGAGGAGCTCTCTCGACGCAGGACTCGGCTTGCTGAAGCGCGCACGGCAAGAGGCGAGGGGCGGCGACTGGTGAGTACGCCAAAAATTTTGACTAGCGGAGGCTAGAAGGAGAGAGATGGGTGCGAGAGCGTCAGTA
C.KC156211_3G-TSL4N,TAATACGACTCACTATAGGGTCTCTCTAGGTAGACCAGATCTGAGCCTGAGAGCTCTCTGGCTATCTGGGGAACCCACTGCTTAAGCCTCAATAAAGCTTGCCTTGAGTGCTCTAAGTAGTGTGTGCCCGTCTGTTGTGTGACTCTGGTAACTAGAGATCCCTCAGACCATTTTGGTAGTGTGGAAAATCTCTAGCAGTGGCGCCCGAACAGGGACCAGAAAGCGAAAGTAGAACCAGAGGAGATCTCTCGACGCAGGACTCGGCTTGCTGAAGTGCACTCGGCAAGAGGCGAGAGCGGCGGCTGGTGAGTACGCCAAATTTTATTTGACTAGCGGAGGCTAGAAGGAGAGAGATGGGTGCGAGAGCGTCA
F1.AB485658_3G-TSL4N,TAATACGACTCACTATAGGGTCTCTCTAGTTAGACCAGATTTGAGCCTGGGAGCTCTCTGGCTAGCTAGGGAACCCACTGCTTAAGCCTCAATAAAGCTTGCCTTGAGTGCTTCAAGTAGTGTGTGCCCGTCTGTTGTTTGACTCTGGTAACTAGAGATCCCTCAGACCATTTTAGTCAGTGTGGAAAATCTCTAGCAGTGGCGCCCGAACAGGGACTTGAAAGCGAAAGTAGAACCAGAGAAGATCTCTCGACGCAGGACTCGGCTTGCTGAAGTGCACACGGCAAGAGGCGAGAGCGGCGACTGGTGAGTACGCCAATTTTTGACTAGCGGAGGCTAGAAGGAGAGGATGGGTGCGAGAGCGTCAGTA
F2.MH705144_3G-TSL4N,TAATACGACTCACTATAGGGTCTCTCTGGTTAGACCAGGTCTGAGCCTGGGAGCTCTCTGGCTAGCTAGGGAACCCACTGCTTAAGCCTCAATAAAGCTTGCCTTGAGTGCTTTAAGTAGTGTGTGCCCGTCTGTTGTGTGACTCTGGTAACTAGAGATCCCTCAGACCATTTTAGTCAGTGTGGAAAATCTCTAGCAGTGGCGCCCGAACAGGGACCTGAAAGCGAAAGTAGAACCAGAGGAGATCTCTCGACGCAGGACTCGGCTTGCTGAAGTGCACACAGCAAGAGGCGAGAGCGGCGACTGGTGAGTACGCCGAAAAATTTTTGACTAGCGGAGGCTAGAAGGAGAGAGATGGGTGCGAGAGCGTCAGTA
01_AE.U51188_4G-TSL4N,TAATACGACTCACTATAGGGGTCTCTCTTGTTAGACCAGGTCGAGCCCGGGAGCTCTCTGGCTAGCAGGGGAACCCACTGCTTAAAGCCTCAATAAAGCTTGCCTTGAGTGCTTAAAGTGGTGTGTGCCCGTCTGTGTTAGGACTCTGGTAACTAGAGATCCCTCAGACCACTCTAGACTGAGTAAAAATCTCTAGCAGTGGCGCCCGAACAGGGACTTGAAAGCGAAAGTTAATAGGGACTCGAAAGCGAAAGTTCCAGAGAAGTTCTCTCGACGCAGGACTCGGCTTGCTGAGGTGCACACAGCAAGAGGCGAGAGCGGCGACTGGTGAGTACGCCAAAAATTTTGACTAGCGGAGGCTAGAAGGAGAGAGATGGGTGCGAGAGCGTCA
02_AG.AB286862_4G-TSL4N,TAATACGACTCACTATAGGGGTCTCTTTTGCTAGACCAGATTTGAGCCCGGGAGCTCTCTGACTAGCAGAAGAACCCACTGCTTAAGCCTCAATAAAGCTTGCCTTGAGTGCTTCAAGTAGTGTGTGCCCGTCTGTTGTGTGACTCTGGTAACTAGAGATCCCTCAGACCACTTTCAGTTTGTGTAAAAATCTCTAGCAGTGGCGCCCGAACAGGGACCGGAAGTTAATAGGGACTCGAAAGCGAAAGTTCCAGAGAAGCTCTCTCGACGCAGGGACTCGGCTTGCTGAGGTGCACACAGCAAGAGGCGAGAGCGGCGACTGGTGAGTACGCCAATTTTGACTAGCGGAGGCTAGAAGGAGAGAGATGGGTGCGAGAGCGTCAGT
A2.MH705163_4G-TSL4N,TAATACGACTCACTATAGGGGTCTCTCTTGTTGGACCAGATAGAGCCTGGGAGCTCTCTGGCTAGCAAGAGAACCCACTGCTTAAGCCTCAATAAAGCTTGCCTTGAGTGCTTCAAGTAGTGTGTGCCCGTCTGTTGTGTGACTCTGGTAACTAGAGATCCCTCAGACCACGCTAGGCGGTGTAAAAATCTCTAGCAGTGGCGCCCGAACAGGGACTTGAAAGCGAAAGTTCCAGAGAAGTTCTCTCGACGCAGGACTCGGCTTGCTGAAGTGCACAAGGCAAGAGGCGAGGAGCGGCGACTGGTGAGTACGCCTAAAATTTTTTGACTAGCGGAGGCTAGAAGGAGAGAGATGGGTGCGAGAGCGTCAGTA
B.K03455_4G-TSL4N,TAATACGACTCACTATAGGGGTCTCTCTGGTTAGACCAGATCTGAGCCTGGGAGCTCTCTGGCTAACTAGGGAACCCACTGCTTAAGCCTCAATAAAGCTTGCCTTGAGTGCTTCAAGTAGTGTGTGCCCGTCTGTTGTGTGACTCTGGTAACTAGAGATCCCTCAGACCCTTTTAGTCAGTGTGGAAAATCTCTAGCAGTGGCGCCCGAACAGGGACCTGAAAGCGAAAGGGAAACCAGAGGAGCTCTCTCGACGCAGGACTCGGCTTGCTGAAGCGCGCACGGCAAGAGGCGAGGGGCGGCGACTGGTGAGTACGCCAAAAATTTTGACTAGCGGAGGCTAGAAGGAGAGAGATGGGTGCGAGAGCGTCAGTA
C.KC156211_4G-TSL4N,TAATACGACTCACTATAGGGGTCTCTCTAGGTAGACCAGATCTGAGCCTGAGAGCTCTCTGGCTATCTGGGGAACCCACTGCTTAAGCCTCAATAAAGCTTGCCTTGAGTGCTCTAAGTAGTGTGTGCCCGTCTGTTGTGTGACTCTGGTAACTAGAGATCCCTCAGACCATTTTGGTAGTGTGGAAAATCTCTAGCAGTGGCGCCCGAACAGGGACCAGAAAGCGAAAGTAGAACCAGAGGAGATCTCTCGACGCAGGACTCGGCTTGCTGAAGTGCACTCGGCAAGAGGCGAGAGCGGCGGCTGGTGAGTACGCCAAATTTTATTTGACTAGCGGAGGCTAGAAGGAGAGAGATGGGTGCGAGAGCGTCA
F1.AB485658_4G-TSL4N,TAATACGACTCACTATAGGGGTCTCTCTAGTTAGACCAGATTTGAGCCTGGGAGCTCTCTGGCTAGCTAGGGAACCCACTGCTTAAGCCTCAATAAAGCTTGCCTTGAGTGCTTCAAGTAGTGTGTGCCCGTCTGTTGTTTGACTCTGGTAACTAGAGATCCCTCAGACCATTTTAGTCAGTGTGGAAAATCTCTAGCAGTGGCGCCCGAACAGGGACTTGAAAGCGAAAGTAGAACCAGAGAAGATCTCTCGACGCAGGACTCGGCTTGCTGAAGTGCACACGGCAAGAGGCGAGAGCGGCGACTGGTGAGTACGCCAATTTTTGACTAGCGGAGGCTAGAAGGAGAGGATGGGTGCGAGAGCGTCAGTA
F2.MH705144_4G-TSL4N,TAATACGACTCACTATAGGGGTCTCTCTGGTTAGACCAGGTCTGAGCCTGGGAGCTCTCTGGCTAGCTAGGGAACCCACTGCTTAAGCCTCAATAAAGCTTGCCTTGAGTGCTTTAAGTAGTGTGTGCCCGTCTGTTGTGTGACTCTGGTAACTAGAGATCCCTCAGACCATTTTAGTCAGTGTGGAAAATCTCTAGCAGTGGCGCCCGAACAGGGACCTGAAAGCGAAAGTAGAACCAGAGGAGATCTCTCGACGCAGGACTCGGCTTGCTGAAGTGCACACAGCAAGAGGCGAGAGCGGCGACTGGTGAGTACGCCGAAAAATTTTTGACTAGCGGAGGCTAGAAGGAGAGAGATGGGTGCGAGAGCGTCAGTA
01_AE.U51188_4G-TSL4N-UBI,TAATACGACTCACTATAGGGGTCTCTCTTGTTAGACCAGGTCGAGCCCGGGAGCTCTCTGGCTAGCAGGGGAACCCACTGCTTAAAGCACTCAATAAAGCTTGCCTTGAGTGCTTAAAGTGGTGTGTGCCCGTCTGTGTTAGGACTCTGGTAACTAGAGATCCCTCAGACCACTCTAGACTGAGTAAAAATCTCTAGCAGTGGCGCCCGAACAGGGACTTGAAAGCGAAAGTTAATAGGGACTCGAAAGCGAAAGTTCCAGAGAAGTTCTCTCGACGCAGGACTCGGCTTGCTGAGGTGCACACAGCAAGAGGCGAGAGCGGCGACTGGTGAGTACGCCAAAAATTTTGACTAGCGGAGGCTAGAAGGAGAGAGATGGGTGCGAGAGCGTCA
02_AG.AB286862_4G-TSL4N-UBI,TAATACGACTCACTATAGGGGTCTCTTTTGCTAGACCAGATTTGAGCCCGGGAGCTCTCTGACTAGCAGAAGAACCCACTGCTTAAGCACTCAATAAAGCTTGCCTTGAGTGCTTCAAGTAGTGTGTGCCCGTCTGTTGTGTGACTCTGGTAACTAGAGATCCCTCAGACCACTTTCAGTTTGTGTAAAAATCTCTAGCAGTGGCGCCCGAACAGGGACCGGAAGTTAATAGGGACTCGAAAGCGAAAGTTCCAGAGAAGCTCTCTCGACGCAGGGACTCGGCTTGCTGAGGTGCACACAGCAAGAGGCGAGAGCGGCGACTGGTGAGTACGCCAATTTTGACTAGCGGAGGCTAGAAGGAGAGAGATGGGTGCGAGAGCGTCAGT
A2.MH705163_4G-TSL4N-UBI,TAATACGACTCACTATAGGGGTCTCTCTTGTTGGACCAGATAGAGCCTGGGAGCTCTCTGGCTAGCAAGAGAACCCACTGCTTAAGCACTCAATAAAGCTTGCCTTGAGTGCTTCAAGTAGTGTGTGCCCGTCTGTTGTGTGACTCTGGTAACTAGAGATCCCTCAGACCACGCTAGGCGGTGTAAAAATCTCTAGCAGTGGCGCCCGAACAGGGACTTGAAAGCGAAAGTTCCAGAGAAGTTCTCTCGACGCAGGACTCGGCTTGCTGAAGTGCACAAGGCAAGAGGCGAGGAGCGGCGACTGGTGAGTACGCCTAAAATTTTTTGACTAGCGGAGGCTAGAAGGAGAGAGATGGGTGCGAGAGCGTCAGTA
B.K03455_4G-TSL4N-UBI,TAATACGACTCACTATAGGGGTCTCTCTGGTTAGACCAGATCTGAGCCTGGGAGCTCTCTGGCTAACTAGGGAACCCACTGCTTAAGCACTCAATAAAGCTTGCCTTGAGTGCTTCAAGTAGTGTGTGCCCGTCTGTTGTGTGACTCTGGTAACTAGAGATCCCTCAGACCCTTTTAGTCAGTGTGGAAAATCTCTAGCAGTGGCGCCCGAACAGGGACCTGAAAGCGAAAGGGAAACCAGAGGAGCTCTCTCGACGCAGGACTCGGCTTGCTGAAGCGCGCACGGCAAGAGGCGAGGGGCGGCGACTGGTGAGTACGCCAAAAATTTTGACTAGCGGAGGCTAGAAGGAGAGAGATGGGTGCGAGAGCGTCAGTA
C.KC156211_4G-TSL4N-UBI,TAATACGACTCACTATAGGGGTCTCTCTAGGTAGACCAGATCTGAGCCTGAGAGCTCTCTGGCTATCTGGGGAACCCACTGCTTAAGCACTCAATAAAGCTTGCCTTGAGTGCTCTAAGTAGTGTGTGCCCGTCTGTTGTGTGACTCTGGTAACTAGAGATCCCTCAGACCATTTTGGTAGTGTGGAAAATCTCTAGCAGTGGCGCCCGAACAGGGACCAGAAAGCGAAAGTAGAACCAGAGGAGATCTCTCGACGCAGGACTCGGCTTGCTGAAGTGCACTCGGCAAGAGGCGAGAGCGGCGGCTGGTGAGTACGCCAAATTTTATTTGACTAGCGGAGGCTAGAAGGAGAGAGATGGGTGCGAGAGCGTCA
F1.AB485658_4G-TSL4N-UBI,TAATACGACTCACTATAGGGGTCTCTCTAGTTAGACCAGATTTGAGCCTGGGAGCTCTCTGGCTAGCTAGGGAACCCACTGCTTAAGCACTCAATAAAGCTTGCCTTGAGTGCTTCAAGTAGTGTGTGCCCGTCTGTTGTTTGACTCTGGTAACTAGAGATCCCTCAGACCATTTTAGTCAGTGTGGAAAATCTCTAGCAGTGGCGCCCGAACAGGGACTTGAAAGCGAAAGTAGAACCAGAGAAGATCTCTCGACGCAGGACTCGGCTTGCTGAAGTGCACACGGCAAGAGGCGAGAGCGGCGACTGGTGAGTACGCCAATTTTTGACTAGCGGAGGCTAGAAGGAGAGGATGGGTGCGAGAGCGTCAGTA
F2.MH705144_4G-TSL4N-UBI,TAATACGACTCACTATAGGGGTCTCTCTGGTTAGACCAGGTCTGAGCCTGGGAGCTCTCTGGCTAGCTAGGGAACCCACTGCTTAAGCACTCAATAAAGCTTGCCTTGAGTGCTTTAAGTAGTGTGTGCCCGTCTGTTGTGTGACTCTGGTAACTAGAGATCCCTCAGACCATTTTAGTCAGTGTGGAAAATCTCTAGCAGTGGCGCCCGAACAGGGACCTGAAAGCGAAAGTAGAACCAGAGGAGATCTCTCGACGCAGGACTCGGCTTGCTGAAGTGCACACAGCAAGAGGCGAGAGCGGCGACTGGTGAGTACGCCGAAAAATTTTTGACTAGCGGAGGCTAGAAGGAGAGAGATGGGTGCGAGAGCGTCAGTA
01_AE.U51188_4G-TSL4N-UBD,TAATACGACTCACTATAGGGGTCTCTCTTGTTAGACCAGGTCGAGCCCGGGAGCTCTCTGGCTAGCAGGGGAACCCACTGCTTAAAGCCTCAATAAAGCTTGCCTTGAGGCTTAAAGTGGTGTGTGCCCGTCTGTGTTAGGACTCTGGTAACTAGAGATCCCTCAGACCACTCTAGACTGAGTAAAAATCTCTAGCAGTGGCGCCCGAACAGGGACTTGAAAGCGAAAGTTAATAGGGACTCGAAAGCGAAAGTTCCAGAGAAGTTCTCTCGACGCAGGACTCGGCTTGCTGAGGTGCACACAGCAAGAGGCGAGAGCGGCGACTGGTGAGTACGCCAAAAATTTTGACTAGCGGAGGCTAGAAGGAGAGAGATGGGTGCGAGAGCGTCA
02_AG.AB286862_4G-TSL4N-UBD,TAATACGACTCACTATAGGGGTCTCTTTTGCTAGACCAGATTTGAGCCCGGGAGCTCTCTGACTAGCAGAAGAACCCACTGCTTAAGCCTCAATAAAGCTTGCCTTGAGGCTTCAAGTAGTGTGTGCCCGTCTGTTGTGTGACTCTGGTAACTAGAGATCCCTCAGACCACTTTCAGTTTGTGTAAAAATCTCTAGCAGTGGCGCCCGAACAGGGACCGGAAGTTAATAGGGACTCGAAAGCGAAAGTTCCAGAGAAGCTCTCTCGACGCAGGGACTCGGCTTGCTGAGGTGCACACAGCAAGAGGCGAGAGCGGCGACTGGTGAGTACGCCAATTTTGACTAGCGGAGGCTAGAAGGAGAGAGATGGGTGCGAGAGCGTCAGT
A2.MH705163_4G-TSL4N-UBD,TAATACGACTCACTATAGGGGTCTCTCTTGTTGGACCAGATAGAGCCTGGGAGCTCTCTGGCTAGCAAGAGAACCCACTGCTTAAGCCTCAATAAAGCTTGCCTTGAGGCTTCAAGTAGTGTGTGCCCGTCTGTTGTGTGACTCTGGTAACTAGAGATCCCTCAGACCACGCTAGGCGGTGTAAAAATCTCTAGCAGTGGCGCCCGAACAGGGACTTGAAAGCGAAAGTTCCAGAGAAGTTCTCTCGACGCAGGACTCGGCTTGCTGAAGTGCACAAGGCAAGAGGCGAGGAGCGGCGACTGGTGAGTACGCCTAAAATTTTTTGACTAGCGGAGGCTAGAAGGAGAGAGATGGGTGCGAGAGCGTCAGTA
B.K03455_4G-TSL4N-UBD,TAATACGACTCACTATAGGGGTCTCTCTGGTTAGACCAGATCTGAGCCTGGGAGCTCTCTGGCTAACTAGGGAACCCACTGCTTAAGCCTCAATAAAGCTTGCCTTGAGGCTTCAAGTAGTGTGTGCCCGTCTGTTGTGTGACTCTGGTAACTAGAGATCCCTCAGACCCTTTTAGTCAGTGTGGAAAATCTCTAGCAGTGGCGCCCGAACAGGGACCTGAAAGCGAAAGGGAAACCAGAGGAGCTCTCTCGACGCAGGACTCGGCTTGCTGAAGCGCGCACGGCAAGAGGCGAGGGGCGGCGACTGGTGAGTACGCCAAAAATTTTGACTAGCGGAGGCTAGAAGGAGAGAGATGGGTGCGAGAGCGTCAGTA
C.KC156211_4G-TSL4N-UBD,TAATACGACTCACTATAGGGGTCTCTCTAGGTAGACCAGATCTGAGCCTGAGAGCTCTCTGGCTATCTGGGGAACCCACTGCTTAAGCCTCAATAAAGCTTGCCTTGAGGCTCTAAGTAGTGTGTGCCCGTCTGTTGTGTGACTCTGGTAACTAGAGATCCCTCAGACCATTTTGGTAGTGTGGAAAATCTCTAGCAGTGGCGCCCGAACAGGGACCAGAAAGCGAAAGTAGAACCAGAGGAGATCTCTCGACGCAGGACTCGGCTTGCTGAAGTGCACTCGGCAAGAGGCGAGAGCGGCGGCTGGTGAGTACGCCAAATTTTATTTGACTAGCGGAGGCTAGAAGGAGAGAGATGGGTGCGAGAGCGTCA
F1.AB485658_4G-TSL4N-UBD,TAATACGACTCACTATAGGGGTCTCTCTAGTTAGACCAGATTTGAGCCTGGGAGCTCTCTGGCTAGCTAGGGAACCCACTGCTTAAGCCTCAATAAAGCTTGCCTTGAGGCTTCAAGTAGTGTGTGCCCGTCTGTTGTTTGACTCTGGTAACTAGAGATCCCTCAGACCATTTTAGTCAGTGTGGAAAATCTCTAGCAGTGGCGCCCGAACAGGGACTTGAAAGCGAAAGTAGAACCAGAGAAGATCTCTCGACGCAGGACTCGGCTTGCTGAAGTGCACACGGCAAGAGGCGAGAGCGGCGACTGGTGAGTACGCCAATTTTTGACTAGCGGAGGCTAGAAGGAGAGGATGGGTGCGAGAGCGTCAGTA
F2.MH705144_4G-TSL4N-UBD,TAATACGACTCACTATAGGGGTCTCTCTGGTTAGACCAGGTCTGAGCCTGGGAGCTCTCTGGCTAGCTAGGGAACCCACTGCTTAAGCCTCAATAAAGCTTGCCTTGAGGCTTTAAGTAGTGTGTGCCCGTCTGTTGTGTGACTCTGGTAACTAGAGATCCCTCAGACCATTTTAGTCAGTGTGGAAAATCTCTAGCAGTGGCGCCCGAACAGGGACCTGAAAGCGAAAGTAGAACCAGAGGAGATCTCTCGACGCAGGACTCGGCTTGCTGAAGTGCACACAGCAAGAGGCGAGAGCGGCGACTGGTGAGTACGCCGAAAAATTTTTGACTAGCGGAGGCTAGAAGGAGAGAGATGGGTGCGAGAGCGTCAGTA